StartDate,EndDate,Status,IPAddress,Progress,Duration (in seconds),Finished,RecordedDate,ResponseId,RecipientLastName,RecipientFirstName,RecipientEmail,ExternalReference,LocationLatitude,LocationLongitude,DistributionChannel,UserLanguage,Q1,Q110,att_1,att_2,comp_1,comp_2,auto_1,use_1_1_1,use_1_2_1,use_1_3_1,use_1_4_1,value_1_1_1,value_1_2_1,value_1_3_1,value_1_4,co_1,use_2_1_1,use_2_2_1,use_2_3_1,use_2_4_1,value_2_1_1,value_2_2_1,value_2_3_1,value_2_4,dr_1,use_3_1_1,use_3_2_1,use_3_3_1,use_3_4_1,value_3_1_1,value_3_2_1,value_3_3_1,value_3_4,gender,gender_4_TEXT,ethnicity,ethnicity_6_TEXT,age,education,education_8_TEXT,license,ai_knowledge_1,PROLIFIC_PID,FL_12_DO,av_frame1_use_DO,av_frame1_value_DO,av_frame2_use_DO,av_frame2_value_DO,av_frame3_use_DO,av_frame3_value_DO
10/30/22 18:14,10/30/22 18:15,0,173.174.135.153,100,85,1,10/30/22 18:15,R_3QSsVer5TiUP5Zm,,,,,29.58,-98.2753,anonymous,EN,1,5c0c7023d51fdc00013661d8,2,2,2,4,,,,,,,,,,,,,,,,,,,5,87,41,56,68,65,69,59,40000,1,,2,,22,2,,2,59,,FL_37,,,,,use_3_2|use_3_1|use_3_4|use_3_3,value_3_4|value_3_2|value_3_3|value_3_1
10/30/22 18:18,10/30/22 18:19,0,99.24.217.20,100,46,1,10/30/22 18:19,R_1fadbt2ygeUKOpu,,,,,35.2843,-80.76,anonymous,EN,1,60fcc3edae67980c341c74e9,2,1,,,,,,,,,,,,,,,,,,,,,,,,,,,,,,,,,,,,,,,,,,,,,,
10/30/22 18:20,10/30/22 18:23,0,162.155.66.162,100,145,1,10/30/22 18:23,R_BVPKrYdBLJTWt3j,,,,,40.1117,-82.9728,anonymous,EN,1,5da978f61844f20014bf9933,2,2,2,4,,,,,,,,,,,,,,,,,,,6,100,100,80,75,85,100,60,40000,1,,3,,34,4,,1,75,,FL_37,,,,,use_3_1|use_3_4|use_3_3|use_3_2,value_3_3|value_3_1|value_3_2|value_3_4
10/30/22 18:19,10/30/22 18:23,0,108.1.145.237,100,217,1,10/30/22 18:23,R_1FIBx2iUPhQ9g8N,,,,,42.4178,-71.1134,anonymous,EN,1,612b1b3cc9bd1476ebd8fb88,2,2,2,4,,,,,,,,,,4,39,40,30,72,38,0,63,45000,,,,,,,,,,2,,3,,38,3,,1,72,,FL_36,,,use_2_4|use_2_1|use_2_2|use_2_3,value_2_3|value_2_4|value_2_2|value_2_1,,
10/30/22 18:23,10/30/22 18:23,0,98.115.125.152,100,22,1,10/30/22 18:23,R_UXQ4AyevmfI7f6F,,,,,39.9776,-75.3099,anonymous,EN,1,5ff06e34ad6c6df2ddce673a,2,1,,,,,,,,,,,,,,,,,,,,,,,,,,,,,,,,,,,,,,,,,,,,,,
10/30/22 18:19,10/30/22 18:26,0,68.84.236.183,100,384,1,10/30/22 18:26,R_1FLOvh25BVaqt7h,,,,,39.8521,-74.9641,anonymous,EN,1,60771d9212cc298408c03c96,2,2,2,4,4,39,37,51,64,51,56,23,35000,,,,,,,,,,,,,,,,,,,2,,3,,25,4,,1,58,,FL_35,use_1_3|use_1_4|use_1_1|use_1_2,value_1_4|value_1_2|value_1_3|value_1_1,,,,
10/30/22 18:19,10/30/22 18:26,0,96.237.181.93,100,396,1,10/30/22 18:26,R_w1bPrstTdMDtMyZ,,,,,42.5781,-71.805,anonymous,EN,1,629ead3c5e29d7f23db979d0,2,2,2,4,,,,,,,,,,6,71,70,81,40,77,80,61,60000,,,,,,,,,,1,,3,,39,1,,1,4,,FL_36,,,use_2_1|use_2_4|use_2_3|use_2_2,value_2_1|value_2_3|value_2_4|value_2_2,,
10/30/22 18:29,10/30/22 18:29,0,173.218.169.200,100,28,1,10/30/22 18:29,R_ZC4CEmUNp2KyEaB,,,,,35.2878,-93.1296,anonymous,EN,1,6107b17f84e8307063cb198a,2,1,,,,,,,,,,,,,,,,,,,,,,,,,,,,,,,,,,,,,,,,,,,,,,
10/30/22 18:28,10/30/22 18:29,0,96.244.250.73,100,58,1,10/30/22 18:29,R_Z4xLcMEkULrx4aZ,,,,,39.4949,-76.6673,anonymous,EN,1,63166f50865179d927b22289,2,1,,,,,,,,,,,,,,,,,,,,,,,,,,,,,,,,,,,,,,,,,,,,,,
10/30/22 18:29,10/30/22 18:31,0,69.255.67.174,100,133,1,10/30/22 18:31,R_BtSnubLqgGsQt8Z,,,,,38.9392,-77.0584,anonymous,EN,1,610991f52ca853dc32c4bf49,2,2,1,2,4,74,40,74,31,82,64,67,50000,,,,,,,,,,,,,,,,,,,2,,3,,24,4,,1,21,,FL_35,use_1_3|use_1_2|use_1_1|use_1_4,value_1_2|value_1_1|value_1_3|value_1_4,,,,
10/30/22 18:30,10/30/22 18:33,0,98.51.98.95,100,193,1,10/30/22 18:33,R_3iyZB1482H5zVLp,,,,,37.3974,-122.001,anonymous,EN,1,6098cc83bc6844237eff0c7b,2,2,2,4,,,,,,,,,,,,,,,,,,,4,65,60,60,70,75,40,80,100000,2,,3,,21,3,,2,30,,FL_37,,,,,use_3_4|use_3_2|use_3_1|use_3_3,value_3_1|value_3_2|value_3_4|value_3_3
10/30/22 18:33,10/30/22 18:34,0,174.50.158.147,100,113,1,10/30/22 18:34,R_2DV6nlT1vMmj2u8,,,,,38.6096,-121.4443,anonymous,EN,1,6316593bc5d348d77ea60add,2,1,,,,,,,,,,,,,,,,,,,,,,,,,,,,,,,,,,,,,,,,,,,,,,
10/30/22 18:34,10/30/22 18:35,0,98.250.58.69,100,37,1,10/30/22 18:35,R_3qx4qxtf2k2RVLD,,,,,42.7214,-83.278,anonymous,EN,1,626f66da6044100d5c238a8c,2,1,,,,,,,,,,,,,,,,,,,,,,,,,,,,,,,,,,,,,,,,,,,,,,
10/30/22 18:31,10/30/22 18:35,0,174.56.105.3,100,268,1,10/30/22 18:35,R_5gtYYXpdpriek8N,,,,,35.0506,-106.7249,anonymous,EN,1,61339ea7f0dadd88f3bef095,2,2,2,4,4,65,75,66,70,59,75,66,40000,,,,,,,,,,,,,,,,,,,2,,4,,20,1,,1,40,,FL_35,use_1_4|use_1_1|use_1_2|use_1_3,value_1_1|value_1_3|value_1_4|value_1_2,,,,
10/30/22 18:34,10/30/22 18:36,0,76.169.27.61,100,119,1,10/30/22 18:36,R_1eXcRmkBUVkEO3f,,,,,33.8791,-117.9821,anonymous,EN,1,5d3954872d32e2001a8690e2,2,2,2,4,,,,,,,,,,4,58,68,39,73,69,64,98,40000,,,,,,,,,,2,,2,,22,3,,1,36,,FL_36,,,use_2_2|use_2_4|use_2_3|use_2_1,value_2_2|value_2_4|value_2_1|value_2_3,,
10/30/22 18:33,10/30/22 18:36,0,174.197.135.169,100,154,1,10/30/22 18:36,R_3L1ssphCUWBWVHx,,,,,40.6214,-73.9705,anonymous,EN,1,,2,2,2,4,,,,,,,,,,,,,,,,,,,6,43,70,42,71,73,51,51,96000,1,,4,,34,5,,1,30,,FL_37,,,,,use_3_2|use_3_1|use_3_3|use_3_4,value_3_3|value_3_2|value_3_4|value_3_1
10/30/22 18:30,10/30/22 18:36,0,99.75.159.43,100,381,1,10/30/22 18:36,R_3maAxNN4RHDwgTf,,,,,40.2838,-85.8393,anonymous,EN,1,5e38a645eb19f20cab1058e4,2,2,2,4,,,,,,,,,,4,70,70,71,70,60,70,29,48000,,,,,,,,,,2,,3,,51,1,,1,30,,FL_36,,,use_2_1|use_2_4|use_2_3|use_2_2,value_2_1|value_2_4|value_2_2|value_2_3,,
10/30/22 18:31,10/30/22 18:36,0,108.5.114.78,100,303,1,10/30/22 18:36,R_1U1OJUnEO60Fnrz,,,,,40.3869,-74.5558,anonymous,EN,1,5ec0b261e742474c101e343f,2,2,2,4,5,62,61,21,78,74,61,90,67000,,,,,,,,,,,,,,,,,,,2,,2,,21,4,,1,65,,FL_35,use_1_2|use_1_3|use_1_4|use_1_1,value_1_4|value_1_1|value_1_2|value_1_3,,,,
10/30/22 18:34,10/30/22 18:38,0,68.185.124.150,100,214,1,10/30/22 18:38,R_3rNAOZ6e3BZJS4d,,,,,42.0521,-71.8486,anonymous,EN,1,614ea93d581d6f4281e9d232,2,2,2,4,,,,,,,,,,,,,,,,,,,5,63,69,64,56,78,39,62,50000,2,,3,,38,3,,1,42,,FL_37,,,,,use_3_3|use_3_4|use_3_1|use_3_2,value_3_3|value_3_2|value_3_1|value_3_4
10/30/22 18:34,10/30/22 18:38,0,73.24.72.55,100,233,1,10/30/22 18:38,R_vZcSaFA0uOq0TnP,,,,,28.801,-81.734,anonymous,EN,1,60c43074007f97df5d485459,2,2,2,4,5,60,70,70,90,80,100,80,100000,,,,,,,,,,,,,,,,,,,2,,3,,38,4,,1,16,,FL_35,use_1_3|use_1_1|use_1_4|use_1_2,value_1_4|value_1_1|value_1_2|value_1_3,,,,
10/30/22 18:34,10/30/22 18:38,0,72.69.58.105,100,226,1,10/30/22 18:38,R_s6WBm3w5U6lttkd,,,,,40.5697,-74.1184,anonymous,EN,1,5e6c0b0fede0271d08d1a3cd,2,2,1,2,,,,,,,,,,,,,,,,,,,2,69,73,74,64,51,87,62,30000,2,,2,,19,3,,2,21,,FL_37,,,,,use_3_1|use_3_3|use_3_2|use_3_4,value_3_1|value_3_4|value_3_3|value_3_2
10/30/22 18:35,10/30/22 18:38,0,174.198.209.87,100,156,1,10/30/22 18:38,R_zfoQIm1ZU6mpYxX,,,,,39.8521,-74.9641,anonymous,EN,1,6348e2cacb0a1818551935d8,2,2,2,4,6,90,80,70,40,50,75,60,80000,,,,,,,,,,,,,,,,,,,2,,3,,22,3,,1,20,,FL_35,use_1_1|use_1_4|use_1_3|use_1_2,value_1_1|value_1_2|value_1_3|value_1_4,,,,
10/30/22 18:36,10/30/22 18:38,0,98.249.122.180,100,166,1,10/30/22 18:38,R_1pyb8PHAp8yEOBY,,,,,36.7443,-108.1801,anonymous,EN,1,5e9a7f47453cfc000a735466,2,2,1,4,,,,,,,,,,,,,,,,,,,5,28,68,34,63,79,77,50,50000,1,,3,,36,5,,1,66,,FL_37,,,,,use_3_1|use_3_3|use_3_4|use_3_2,value_3_2|value_3_4|value_3_1|value_3_3
10/30/22 18:33,10/30/22 18:39,0,65.28.105.44,100,310,1,10/30/22 18:39,R_pmAmIJQPVq5xDS9,,,,,39.1484,-94.5686,anonymous,EN,1,62aa5a0b9032daf49f5c83b0,2,2,2,4,,,,,,,,,,4,60,61,60,40,80,90,80,70000,,,,,,,,,,1,,2,,19,3,,1,50,,FL_36,,,use_2_1|use_2_3|use_2_2|use_2_4,value_2_2|value_2_4|value_2_3|value_2_1,,
10/30/22 18:37,10/30/22 18:39,0,174.203.217.145,100,140,1,10/30/22 18:39,R_1gUsJbGdixBGqzL,,,,,35.2843,-80.76,anonymous,EN,1,5ee78887eb6e6d00098357fa,2,2,2,4,,,,,,,,,,,,,,,,,,,5,80,83,80,60,80,80,50,35000,1,,3,,26,1,,1,11,,FL_37,,,,,use_3_1|use_3_4|use_3_3|use_3_2,value_3_2|value_3_1|value_3_4|value_3_3
10/30/22 18:36,10/30/22 18:39,0,24.91.169.146,100,216,1,10/30/22 18:39,R_21pLeMJZJOnIfnE,,,,,42.2463,-70.9972,anonymous,EN,1,,2,2,2,4,,,,,,,,,,5,80,65,71,26,87,86,90,65000,,,,,,,,,,2,,2,,24,4,,1,46,,FL_36,,,use_2_4|use_2_1|use_2_2|use_2_3,value_2_3|value_2_1|value_2_2|value_2_4,,
10/30/22 18:36,10/30/22 18:39,0,73.179.180.63,100,194,1,10/30/22 18:39,R_PLIJZtaXFpj1nm9,,,,,25.8906,-80.1784,anonymous,EN,1,586d9260d6df700001874515,2,2,2,4,6,51,51,91,9,51,85,84,60000,,,,,,,,,,,,,,,,,,,1,,1,,29,3,,1,7,,FL_35,use_1_4|use_1_3|use_1_2|use_1_1,value_1_3|value_1_2|value_1_4|value_1_1,,,,
10/30/22 18:38,10/30/22 18:40,0,174.194.131.251,100,100,1,10/30/22 18:40,R_1dcLSE2xvZziABz,,,,,37.7047,-122.1245,anonymous,EN,1,630505b4104867e588c31100,2,2,2,4,,,,,,,,,,4,92,83,90,27,75,84,61,60000,,,,,,,,,,1,,3,,19,3,,1,73,,FL_36,,,use_2_2|use_2_4|use_2_1|use_2_3,value_2_4|value_2_2|value_2_1|value_2_3,,
10/30/22 18:36,10/30/22 18:40,0,98.30.53.9,100,223,1,10/30/22 18:40,R_3elwBRjYZFuubfY,,,,,41.0413,-83.6461,anonymous,EN,1,6115915f5308ff41d36657fb,2,2,2,4,4,60,70,85,15,55,0,50,50000,,,,,,,,,,,,,,,,,,,1,,3,,43,5,,1,70,,FL_35,use_1_2|use_1_3|use_1_4|use_1_1,value_1_3|value_1_2|value_1_4|value_1_1,,,,
10/30/22 18:34,10/30/22 18:40,0,97.64.163.28,100,364,1,10/30/22 18:40,R_30cSbKSweuLNSJI,,,,,47.0387,-91.6822,anonymous,EN,1,,2,2,2,4,,,,,,,,,,2,30,50,30,50,50,0,70,60000,,,,,,,,,,2,,3,,44,1,,1,10,,FL_36,,,use_2_2|use_2_3|use_2_4|use_2_1,value_2_2|value_2_1|value_2_3|value_2_4,,
10/30/22 18:37,10/30/22 18:40,0,74.109.112.148,100,136,1,10/30/22 18:40,R_27gtW9PVhUsWNjB,,,,,40.0417,-75.021,anonymous,EN,1,5e10f9d02d21857cd4d266b8,2,2,2,4,,,,,,,,,,4,84,70,60,34,78,91,88,50000,,,,,,,,,,2,,4,,21,3,,2,38,,FL_36,,,use_2_4|use_2_2|use_2_3|use_2_1,value_2_1|value_2_4|value_2_2|value_2_3,,
10/30/22 18:37,10/30/22 18:40,0,174.235.51.25,100,207,1,10/30/22 18:40,R_3M3EsXv4yt1n8r7,,,,,34.0021,-81.0423,anonymous,EN,1,5a91fdd96219a30001d2e82c,2,2,2,4,,,,,,,,,,4,53,58,44,62,56,26,50,50000,,,,,,,,,,1,,3,,24,8,No diploma ,1,13,,FL_36,,,use_2_1|use_2_4|use_2_3|use_2_2,value_2_2|value_2_4|value_2_3|value_2_1,,
10/30/22 18:38,10/30/22 18:40,0,76.95.11.243,100,133,1,10/30/22 18:40,R_2fSRaQf8dSSY3Hb,,,,,33.8744,-117.8565,anonymous,EN,1,5e53a5d2dc07893a2d6c7a44,2,2,1,4,4,68,72,63,64,41,67,40,35000,,,,,,,,,,,,,,,,,,,1,,2,,26,7,,1,27,,FL_35,use_1_2|use_1_4|use_1_3|use_1_1,value_1_3|value_1_1|value_1_4|value_1_2,,,,
10/30/22 18:37,10/30/22 18:40,0,173.218.65.254,100,228,1,10/30/22 18:40,R_8nQlJ56mRAc538J,,,,,37.0142,-93.1986,anonymous,EN,1,604075b84fd86b284480eaa9,2,2,2,4,6,66,80,60,81,70,10,30,50000,,,,,,,,,,,,,,,,,,,2,,3,,31,5,,1,14,,FL_35,use_1_3|use_1_4|use_1_2|use_1_1,value_1_4|value_1_2|value_1_3|value_1_1,,,,
10/30/22 18:37,10/30/22 18:41,0,173.79.39.147,100,181,1,10/30/22 18:41,R_3h4Npix8gE7w8AJ,,,,,38.751,-77.4753,anonymous,EN,1,5e9a02d2eca3c3081ae74f1e,2,2,2,4,,,,,,,,,,4,80,90,90,40,85,85,80,65000,,,,,,,,,,1,,2,,31,4,,1,70,,FL_36,,,use_2_2|use_2_3|use_2_1|use_2_4,value_2_3|value_2_4|value_2_2|value_2_1,,
10/30/22 18:36,10/30/22 18:41,0,32.211.205.219,100,244,1,10/30/22 18:41,R_wO873ca22TEPAe5,,,,,41.1225,-73.4425,anonymous,EN,1,5c5198da659655000168955d,2,2,2,4,,,,,,,,,,,,,,,,,,,5,34,32,70,58,71,89,79,52000,1,,3,,45,4,,1,69,,FL_37,,,,,use_3_3|use_3_2|use_3_4|use_3_1,value_3_1|value_3_4|value_3_3|value_3_2
10/30/22 18:35,10/30/22 18:41,0,72.218.180.232,100,363,1,10/30/22 18:41,R_1po06araMr2CA1n,,,,,37.1538,-76.539,anonymous,EN,1,61533bf9e764ccde187ae01c,2,2,2,2,,,,,,,,,,,,,,,,,,,3,6,64,9,71,57,21,23,25000,1,,3,,35,3,,1,73,,FL_37,,,,,use_3_4|use_3_2|use_3_3|use_3_1,value_3_3|value_3_2|value_3_4|value_3_1
10/30/22 18:38,10/30/22 18:41,0,72.109.120.235,100,165,1,10/30/22 18:41,R_1rjLUU6eN1ALJ0Y,,,,,34.0486,-118.1796,anonymous,EN,1,,2,2,2,4,6,29,52,82,51,70,79,61,40000,,,,,,,,,,,,,,,,,,,1,,2,,46,5,,1,28,,FL_35,use_1_4|use_1_1|use_1_3|use_1_2,value_1_2|value_1_1|value_1_4|value_1_3,,,,
10/30/22 18:37,10/30/22 18:41,0,73.123.134.78,100,253,1,10/30/22 18:41,R_AdGqK4XIN89DDX3,,,,,42.9621,-71.449,anonymous,EN,1,5c3a958d48ad2900017f6817,2,2,2,1,,,,,,,,,,4,75,61,69,42,75,71,65,70000,,,,,,,,,,2,,3,,34,1,,1,10,,FL_36,,,use_2_2|use_2_4|use_2_3|use_2_1,value_2_3|value_2_2|value_2_1|value_2_4,,
10/30/22 18:36,10/30/22 18:42,0,73.50.60.75,100,346,1,10/30/22 18:42,R_1Kl7affHbyWfj8W,,,,,41.6172,-87.8419,anonymous,EN,1,62956b80a58bce0977f0fb12,2,2,2,4,6,50,50,50,50,50,60,60,65000,,,,,,,,,,,,,,,,,,,2,,3,,59,5,,1,20,,FL_35,use_1_3|use_1_4|use_1_2|use_1_1,value_1_4|value_1_3|value_1_2|value_1_1,,,,
10/30/22 18:39,10/30/22 18:42,0,96.28.242.187,100,190,1,10/30/22 18:42,R_2ah3hZUAxryENq0,,,,,40.1117,-82.9728,anonymous,EN,1,6164bd91a442a82afa08d9d8,2,2,2,4,,,,,,,,,,4,70,70,67,38,67,63,68,70000,,,,,,,,,,1,,3,,24,4,,1,51,,FL_36,,,use_2_3|use_2_1|use_2_2|use_2_4,value_2_3|value_2_1|value_2_4|value_2_2,,
10/30/22 18:35,10/30/22 18:43,0,99.127.78.23,100,465,1,10/30/22 18:43,R_3Din5Dmhr8B4Yb0,,,,,37.5281,-121.9732,anonymous,EN,1,62965194b3ad47b955dc3e56,2,2,2,4,,,,,,,,,,,,,,,,,,,5,50,40,50,80,50,20,20,70000,1,,5,,19,3,,1,70,,FL_37,,,,,use_3_3|use_3_2|use_3_4|use_3_1,value_3_1|value_3_2|value_3_3|value_3_4
10/30/22 18:40,10/30/22 18:43,0,24.17.249.108,100,183,1,10/30/22 18:43,R_22n4ci6PBp4SVDN,,,,,47.1112,-122.5897,anonymous,EN,1,60f6ccde4ac42e4f67e89893,2,2,2,4,,,,,,,,,,,,,,,,,,,6,20,17,15,15,18,24,52,68000,2,,3,,29,4,,1,54,,FL_37,,,,,use_3_2|use_3_1|use_3_3|use_3_4,value_3_4|value_3_3|value_3_2|value_3_1
10/30/22 18:39,10/30/22 18:43,0,75.66.242.185,100,215,1,10/30/22 18:43,R_2rHGHwt7MucIreP,,,,,35.1567,-89.9274,anonymous,EN,1,6234a8a7dca8124a2b88859b,2,2,2,4,6,51,51,51,71,51,0,18,48000,,,,,,,,,,,,,,,,,,,1,,3,,49,5,,1,51,,FL_35,use_1_4|use_1_3|use_1_1|use_1_2,value_1_4|value_1_1|value_1_3|value_1_2,,,,
10/30/22 18:36,10/30/22 18:43,0,24.239.194.165,100,443,1,10/30/22 18:43,R_3k4VAj9MFSYnP5S,,,,,40.6217,-79.9431,anonymous,EN,1,6336950e3e1156c5bf8109da,2,2,2,4,,,,,,,,,,,,,,,,,,,6,90,90,70,30,91,82,69,85000,1,,3,,37,1,,1,10,,FL_37,,,,,use_3_2|use_3_4|use_3_3|use_3_1,value_3_2|value_3_1|value_3_4|value_3_3
10/30/22 18:39,10/30/22 18:46,0,23.240.18.15,100,412,1,10/30/22 18:46,R_3HivwT2H2Om2IXx,,,,,34.7148,-117.8756,anonymous,EN,1,614116770b8a8ef49d1e92b4,2,2,2,4,,,,,,,,,,4,72,61,66,45,60,67,65,48000,,,,,,,,,,2,,4,,23,3,,1,45,,FL_36,,,use_2_4|use_2_2|use_2_1|use_2_3,value_2_2|value_2_3|value_2_4|value_2_1,,
10/30/22 18:39,10/30/22 18:46,0,97.114.162.25,100,423,1,10/30/22 18:46,R_eQAS38a9IMS75It,,,,,35.1955,-93.1873,anonymous,EN,1,61144d0fac78f98ad263c52a,2,2,1,4,,,,,,,,,,,,,,,,,,,5,81,90,86,29,91,96,84,60000,2,,3,,20,3,,1,30,,FL_37,,,,,use_3_1|use_3_4|use_3_2|use_3_3,value_3_4|value_3_1|value_3_3|value_3_2
10/30/22 18:38,10/30/22 18:47,0,174.239.64.139,100,548,1,10/30/22 18:47,R_11YEtE18yOwytyy,,,,,28.6344,-81.6221,anonymous,EN,1,5ae4c1d47edeb000014a7661,2,2,2,4,6,80,80,90,30,80,100,0,50000,,,,,,,,,,,,,,,,,,,1,,3,,37,1,,1,70,,FL_35,use_1_2|use_1_1|use_1_4|use_1_3,value_1_2|value_1_1|value_1_3|value_1_4,,,,
10/30/22 18:39,10/30/22 18:48,0,172.58.122.58,100,584,1,10/30/22 18:48,R_2Sk78UiALP7eqgo,,,,,42.3363,-83.1348,anonymous,EN,1,6143c54419a0e89c28649418,2,2,2,4,6,78,74,85,65,73,63,45,60000,,,,,,,,,,,,,,,,,,,2,,4,,19,1,,1,72,,FL_35,use_1_2|use_1_4|use_1_1|use_1_3,value_1_3|value_1_2|value_1_4|value_1_1,,,,
10/30/22 18:34,10/30/22 19:03,0,69.249.77.179,100,1715,1,10/30/22 19:03,R_2EGGYSKB16eD9iA,,,,,40.0255,-75.0534,anonymous,EN,1,59ad6f1e09709e00013c2ba5,2,2,2,4,,,,,,,,,,4,77,61,66,34,76,61,50,55000,,,,,,,,,,2,,3,,30,4,,1,69,,FL_36,,,use_2_2|use_2_1|use_2_3|use_2_4,value_2_3|value_2_1|value_2_4|value_2_2,,
10/31/22 9:45,10/31/22 9:46,0,172.15.172.191,100,25,1,10/31/22 9:46,R_31NQbUbMrb5PDPS,,,,,38.8597,-94.6611,anonymous,EN,1,60fedd3890ce06a5f852b2e8,2,1,,,,,,,,,,,,,,,,,,,,,,,,,,,,,,,,,,,,,,,,,,,,,,
10/31/22 9:45,10/31/22 9:46,0,75.130.208.145,100,56,1,10/31/22 9:46,R_3MhS54Qr1HGDvQC,,,,,38.5793,-90.422,anonymous,EN,1,5d62182e7c07250019f1dd57,2,1,,,,,,,,,,,,,,,,,,,,,,,,,,,,,,,,,,,,,,,,,,,,,,
10/31/22 9:46,10/31/22 9:47,0,107.77.205.7,100,29,1,10/31/22 9:47,R_2zI2qffaxWFAjxm,,,,,47.6034,-122.3414,anonymous,EN,1,61158ba946af0dc7c3a6c5fd,2,1,,,,,,,,,,,,,,,,,,,,,,,,,,,,,,,,,,,,,,,,,,,,,,
10/31/22 9:46,10/31/22 9:47,0,76.28.24.96,100,50,1,10/31/22 9:47,R_3jU62pf3HVsUqoS,,,,,42.753,-71.0325,anonymous,EN,1,5aa2bf99f053610001724d9b,2,1,,,,,,,,,,,,,,,,,,,,,,,,,,,,,,,,,,,,,,,,,,,,,,
10/31/22 9:45,10/31/22 9:47,0,98.147.157.135,100,137,1,10/31/22 9:47,R_2SrbUQVPYwSRZBO,,,,,34.0318,-118.4252,anonymous,EN,1,614e497939b9b53a6013f7b0,2,2,2,4,4,75,65,60,60,65,81,51,50000,,,,,,,,,,,,,,,,,,,3,,3,,24,4,,1,50,,FL_35,use_1_4|use_1_2|use_1_3|use_1_1,value_1_3|value_1_1|value_1_2|value_1_4,,,,
10/31/22 9:44,10/31/22 9:48,0,73.82.63.200,100,190,1,10/31/22 9:48,R_2VsbTIyFwAujYJK,,,,,33.7657,-84.2951,anonymous,EN,1,,2,2,2,4,,,,,,,,,,,,,,,,,,,3,40,40,40,80,30,50,0,70000,2,,3,,56,4,,1,10,,FL_37,,,,,use_3_1|use_3_4|use_3_3|use_3_2,value_3_2|value_3_3|value_3_1|value_3_4
10/31/22 9:47,10/31/22 9:48,0,24.55.131.30,100,35,1,10/31/22 9:48,R_3k0qAwyds2lleAx,,,,,40.963,-74.7532,anonymous,EN,1,5c2772d7da85100001c8741d,2,1,,,,,,,,,,,,,,,,,,,,,,,,,,,,,,,,,,,,,,,,,,,,,,
10/31/22 9:45,10/31/22 9:48,0,73.50.6.242,100,166,1,10/31/22 9:48,R_XvIDs7VysoNqVXj,,,,,41.7797,-87.872,anonymous,EN,1,62d7858e9d0bb849183e1500,2,2,2,4,,,,,,,,,,5,43,62,53,62,60,32,36,55000,,,,,,,,,,1,,3,,26,4,,1,17,,FL_36,,,use_2_1|use_2_3|use_2_4|use_2_2,value_2_4|value_2_1|value_2_2|value_2_3,,
10/31/22 9:46,10/31/22 9:48,0,184.189.91.62,100,158,1,10/31/22 9:48,R_3fwpbfQeYeICZSx,,,,,30.1597,-92.0258,anonymous,EN,1,5f8e2a9201810e1f2b9f63a2,2,2,2,4,,,,,,,,,,2,75,61,71,51,50,50,30,50000,,,,,,,,,,2,,3,,46,4,,1,70,,FL_36,,,use_2_3|use_2_1|use_2_4|use_2_2,value_2_3|value_2_2|value_2_4|value_2_1,,
10/31/22 9:46,10/31/22 9:48,0,72.189.151.111,100,122,1,10/31/22 9:48,R_3k5q9hhXUhoDeyv,,,,,28.5274,-81.6012,anonymous,EN,1,571cea664ca277001153c045,2,2,2,4,,,,,,,,,,4,88,66,75,29,79,84,63,55000,,,,,,,,,,1,,3,,47,2,,1,69,,FL_36,,,use_2_2|use_2_3|use_2_4|use_2_1,value_2_4|value_2_3|value_2_1|value_2_2,,
10/31/22 9:46,10/31/22 9:48,0,174.243.242.32,100,133,1,10/31/22 9:48,R_1F9SmsO9docwwtR,,,,,34.0121,-117.6883,anonymous,EN,1,61006e329c739a938391f9c8,2,2,2,4,4,59,75,60,65,50,64,50,48000,,,,,,,,,,,,,,,,,,,2,,3,,23,4,,1,38,,FL_35,use_1_2|use_1_1|use_1_3|use_1_4,value_1_1|value_1_4|value_1_3|value_1_2,,,,
10/31/22 9:48,10/31/22 9:48,0,172.58.251.38,100,37,1,10/31/22 9:48,R_2bIBCG5f6xhclzf,,,,,35.2296,-80.843,anonymous,EN,1,62963cadf88b1be103222fb9,1,1,,,,,,,,,,,,,,,,,,,,,,,,,,,,,,,,,,,,,,,,,,,,,,
10/31/22 9:46,10/31/22 9:49,0,98.223.88.121,100,179,1,10/31/22 9:49,R_3lukkpeeDY9QIdt,,,,,40.4693,-88.9424,anonymous,EN,1,60e7044ddc2523fab6cbc0cd,2,2,2,4,,,,,,,,,,,,,,,,,,,4,39,51,51,40,51,60,12,40000,2,,3,,30,4,,1,12,,FL_37,,,,,use_3_2|use_3_3|use_3_4|use_3_1,value_3_2|value_3_3|value_3_4|value_3_1
10/31/22 9:46,10/31/22 9:49,0,207.108.226.46,100,184,1,10/31/22 9:49,R_QoCnU3DOqGcsiBz,,,,,43.6019,-116.1645,anonymous,EN,1,62a171d50d6c4f89905ced80,2,2,2,4,,,,,,,,,,4,81,71,75,55,75,90,60,55000,,,,,,,,,,2,,2,,31,5,,1,25,,FL_36,,,use_2_4|use_2_2|use_2_3|use_2_1,value_2_2|value_2_4|value_2_1|value_2_3,,
10/31/22 9:47,10/31/22 9:49,0,216.56.27.19,100,109,1,10/31/22 9:49,R_23WES0voMxfTb8N,,,,,42.7009,-88.5462,anonymous,EN,1,612252e1143216231e134d68,2,2,2,4,,,,,,,,,,2,60,70,70,80,61,81,68,50000,,,,,,,,,,1,,3,,27,5,,1,0,,FL_36,,,use_2_2|use_2_1|use_2_4|use_2_3,value_2_2|value_2_3|value_2_4|value_2_1,,
10/31/22 9:45,10/31/22 9:49,0,24.164.182.15,100,238,1,10/31/22 9:49,R_1NEX1LkSzd3P1DT,,,,,41.6181,-74.3266,anonymous,EN,1,59a3af455fd74b0001abf9bf,2,2,2,4,,,,,,,,,,,,,,,,,,,5,45,65,65,65,70,65,84,54000,1,,4,,32,2,,1,67,,FL_37,,,,,use_3_4|use_3_3|use_3_1|use_3_2,value_3_1|value_3_4|value_3_2|value_3_3
10/31/22 9:46,10/31/22 9:49,0,71.126.134.10,100,182,1,10/31/22 9:49,R_tFDbGn3ml2FyP0R,,,,,38.6438,-77.3451,anonymous,EN,1,54f8b0cdfdf99b5396a7d0a2,2,2,2,4,5,50,70,40,90,70,60,55,50000,,,,,,,,,,,,,,,,,,,2,,4,,63,4,,1,54,,FL_35,use_1_4|use_1_2|use_1_3|use_1_1,value_1_4|value_1_1|value_1_2|value_1_3,,,,
10/31/22 9:47,10/31/22 9:49,0,66.188.108.202,100,147,1,10/31/22 9:49,R_3qwlkHAOh1c3Y1Z,,,,,43.3792,-88.6845,anonymous,EN,1,55a90689fdf99b6295f4ea99,2,2,2,4,,,,,,,,,,5,76,77,75,34,71,92,82,70000,,,,,,,,,,2,,3,,34,4,,1,50,,FL_36,,,use_2_1|use_2_3|use_2_2|use_2_4,value_2_1|value_2_3|value_2_2|value_2_4,,
10/31/22 9:45,10/31/22 9:49,0,172.56.161.250,100,243,1,10/31/22 9:49,R_1nMwhbOLXYZQ5jy,,,,,40.6994,-73.8883,anonymous,EN,1,62d194ffd1bb7abbdeb5aafe,2,2,2,4,,,,,,,,,,,,,,,,,,,5,40,20,8,70,54,90,50,70000,2,,2,,23,5,,1,9,,FL_37,,,,,use_3_4|use_3_2|use_3_1|use_3_3,value_3_2|value_3_4|value_3_3|value_3_1
10/31/22 9:46,10/31/22 9:49,0,172.90.229.233,100,220,1,10/31/22 9:49,R_3CYqEmUPkGVqPfj,,,,,34.0626,-118.3946,anonymous,EN,1,5e2124c91718254237ecc934,2,2,2,4,,,,,,,,,,,,,,,,,,,6,91,20,17,74,71,3,8,70000,1,,5,,21,1,,2,49,,FL_37,,,,,use_3_1|use_3_4|use_3_2|use_3_3,value_3_3|value_3_2|value_3_4|value_3_1
10/31/22 9:46,10/31/22 9:50,0,12.195.186.76,100,216,1,10/31/22 9:50,R_1LbQWSX5RUzRVSc,,,,,39.9534,-76.7942,anonymous,EN,1,5eecb256f0bc7e046e5c5e09,2,2,2,4,,,,,,,,,,5,69,76,49,76,65,51,26,50000,,,,,,,,,,1,,3,,31,4,,1,49,,FL_36,,,use_2_4|use_2_3|use_2_2|use_2_1,value_2_2|value_2_1|value_2_4|value_2_3,,
10/31/22 9:47,10/31/22 9:50,0,96.33.13.178,100,183,1,10/31/22 9:50,R_3hiM36mVnXpo4DP,,,,,36.334,-82.3439,anonymous,EN,1,5d377c902c4f810001ebc27a,2,2,2,4,6,62,60,63,51,53,51,50,50000,,,,,,,,,,,,,,,,,,,2,,3,,24,4,,1,33,,FL_35,use_1_2|use_1_4|use_1_1|use_1_3,value_1_3|value_1_1|value_1_4|value_1_2,,,,
10/31/22 9:47,10/31/22 9:50,0,107.128.247.42,100,151,1,10/31/22 9:50,R_1XhcAfo3S1ow609,,,,,34.8493,-82.4041,anonymous,EN,1,62caf420f0a62517092c7841,2,2,2,4,,,,,,,,,,,,,,,,,,,6,61,35,69,54,74,64,52,55000,2,,3,,38,5,,1,21,,FL_37,,,,,use_3_4|use_3_3|use_3_2|use_3_1,value_3_2|value_3_3|value_3_4|value_3_1
10/31/22 9:47,10/31/22 9:50,0,97.112.85.86,100,186,1,10/31/22 9:50,R_3MRPzHF5ctRtbyo,,,,,38.7645,-94.8198,anonymous,EN,1,610820f8cc357db69daa892a,2,2,2,4,,,,,,,,,,,,,,,,,,,6,35,40,25,85,50,1,0,80000,2,,3,,24,1,,1,30,,FL_37,,,,,use_3_1|use_3_2|use_3_3|use_3_4,value_3_3|value_3_1|value_3_4|value_3_2
10/31/22 9:49,10/31/22 9:50,0,24.90.0.94,100,52,1,10/31/22 9:50,R_2EaXIEcwjMaJ7d1,,,,,40.7099,-73.9591,anonymous,EN,1,5fa13c818911331f111f12f3,2,1,,,,,,,,,,,,,,,,,,,,,,,,,,,,,,,,,,,,,,,,,,,,,,
10/31/22 9:46,10/31/22 9:50,0,35.132.136.228,100,259,1,10/31/22 9:50,R_31ax1oqu6AAyqZU,,,,,42.3956,-123.3528,anonymous,EN,1,5e78e53a0b2d8247350c1c86,2,2,2,4,,,,,,,,,,5,37,51,54,62,40,32,35,10000,,,,,,,,,,2,,3,,64,3,,1,18,,FL_36,,,use_2_2|use_2_4|use_2_1|use_2_3,value_2_3|value_2_1|value_2_2|value_2_4,,
10/31/22 9:46,10/31/22 9:50,0,71.71.228.198,100,278,1,10/31/22 9:50,R_816pHne9yJm0xSF,,,,,35.0221,-80.5318,anonymous,EN,1,62f7cdb38b7eeb26308bae5b,2,2,2,4,5,30,40,30,71,40,13,0,35000,,,,,,,,,,,,,,,,,,,1,,3,,59,1,,1,30,,FL_35,use_1_3|use_1_2|use_1_1|use_1_4,value_1_2|value_1_4|value_1_3|value_1_1,,,,
10/31/22 9:46,10/31/22 9:51,0,134.139.201.43,100,290,1,10/31/22 9:51,R_31T2kx20mPcL5qg,,,,,33.7903,-118.1215,anonymous,EN,1,5f88fc9a4157a110c725e6f5,2,2,2,4,,,,,,,,,,,,,,,,,,,5,78,80,77,85,75,83,60,84000,1,,2,,25,3,,1,80,,FL_37,,,,,use_3_2|use_3_4|use_3_3|use_3_1,value_3_3|value_3_2|value_3_4|value_3_1
10/31/22 9:46,10/31/22 9:51,0,173.94.88.112,100,283,1,10/31/22 9:51,R_bebUaxT7GZ7gofL,,,,,36.5002,-80.6163,anonymous,EN,1,565bff58c121fe0005fc390d,2,2,2,4,4,71,51,51,51,51,70,51,75000,,,,,,,,,,,,,,,,,,,2,,1,,42,3,,1,51,,FL_35,use_1_3|use_1_1|use_1_2|use_1_4,value_1_3|value_1_4|value_1_2|value_1_1,,,,
10/31/22 9:50,10/31/22 9:51,0,149.143.229.25,100,28,1,10/31/22 9:51,R_2UVBQyZMRQWmJC6,,,,,40.3869,-82.4901,anonymous,EN,1,62b1f2bfcec5a48852005c5f,2,1,,,,,,,,,,,,,,,,,,,,,,,,,,,,,,,,,,,,,,,,,,,,,,
10/31/22 9:48,10/31/22 9:51,0,128.146.189.112,100,143,1,10/31/22 9:51,R_3fwOyrymfW0EE2x,,,,,40.0043,-83.0177,anonymous,EN,1,633b047211cbf762dde2dfda,2,2,2,4,,,,,,,,,,,,,,,,,,,5,20,60,20,81,40,0,20,480000,1,,3,,33,7,,1,65,,FL_37,,,,,use_3_1|use_3_3|use_3_2|use_3_4,value_3_4|value_3_3|value_3_1|value_3_2
10/31/22 9:49,10/31/22 9:51,0,35.140.75.39,100,101,1,10/31/22 9:51,R_2zYXJf5JFU9Bi19,,,,,27.7152,-82.3513,anonymous,EN,1,601c2c63f899976cb35c1269,2,2,2,4,,,,,,,,,,4,71,58,73,62,77,59,75,20000,,,,,,,,,,2,,3,,23,2,,2,38,,FL_36,,,use_2_4|use_2_2|use_2_1|use_2_3,value_2_3|value_2_4|value_2_2|value_2_1,,
10/31/22 9:47,10/31/22 9:51,0,66.108.36.179,100,221,1,10/31/22 9:51,R_129cSWxReaGfm9E,,,,,40.7252,-73.944,anonymous,EN,1,58474a9c89af6500017f4cd6,2,2,2,4,,,,,,,,,,5,80,72,71,40,84,75,57,50000,,,,,,,,,,1,,3,,26,7,,1,32,,FL_36,,,use_2_1|use_2_4|use_2_2|use_2_3,value_2_2|value_2_1|value_2_4|value_2_3,,
10/31/22 9:46,10/31/22 9:51,0,69.74.5.6,100,268,1,10/31/22 9:51,R_28Up6UmQeMDWPGY,,,,,40.6129,-74.416,anonymous,EN,1,60fcd0e5815a3fc5f30458bf,2,2,2,4,,,,,,,,,,,,,,,,,,,5,31,38,80,91,40,40,20,55000,2,,3,,72,4,,1,60,,FL_37,,,,,use_3_4|use_3_3|use_3_1|use_3_2,value_3_4|value_3_2|value_3_1|value_3_3
10/31/22 9:46,10/31/22 9:51,0,73.246.142.230,100,299,1,10/31/22 9:51,R_3MmS7mtFTYFCp0q,,,,,41.8033,-87.9283,anonymous,EN,1,615e33afa7ec87520864bd4e,2,2,1,4,3,71,73,35,68,49,82,79,50000,,,,,,,,,,,,,,,,,,,1,,3,,31,3,,1,100,,FL_35,use_1_4|use_1_3|use_1_2|use_1_1,value_1_3|value_1_1|value_1_2|value_1_4,,,,
10/31/22 9:46,10/31/22 9:51,0,172.58.101.128,100,294,1,10/31/22 9:51,R_8riimT6gc9tLUyJ,,,,,29.7133,-95.4804,anonymous,EN,1,5e713218e502070551fda159,2,2,2,4,6,42,44,35,100,100,100,100,50000,,,,,,,,,,,,,,,,,,,1,,4,,27,3,,1,36,,FL_35,use_1_4|use_1_3|use_1_1|use_1_2,value_1_4|value_1_1|value_1_2|value_1_3,,,,
10/31/22 9:49,10/31/22 9:51,0,75.149.192.249,100,132,1,10/31/22 9:51,R_z05WGck4MsGFppT,,,,,41.9215,-87.6446,anonymous,EN,1,5f1703a31ea06d025b729ad9,2,2,2,4,,,,,,,,,,,,,,,,,,,5,71,70,50,70,70,79,77,55000,1,,2,,24,4,,1,40,,FL_37,,,,,use_3_1|use_3_4|use_3_3|use_3_2,value_3_3|value_3_2|value_3_4|value_3_1
10/31/22 9:48,10/31/22 9:51,0,99.100.194.138,100,202,1,10/31/22 9:51,R_1exY81xjkOOwd2j,,,,,38.4073,-90.4368,anonymous,EN,1,6299ff1ebc3e60ee16e4f099,2,2,2,4,,,,,,,,,,,,,,,,,,,6,40,60,60,70,80,85,65,60000,1,,3,,25,5,,1,75,,FL_37,,,,,use_3_3|use_3_1|use_3_2|use_3_4,value_3_2|value_3_3|value_3_4|value_3_1
10/31/22 9:46,10/31/22 9:52,0,73.232.221.113,100,367,1,10/31/22 9:52,R_12b7H4HCaQhRZAn,,,,,29.9225,-95.0615,anonymous,EN,1,6155b9c45f96867d9d9631fd,2,2,2,4,6,46,81,36,25,75,69,82,55000,,,,,,,,,,,,,,,,,,,2,,3,,27,3,,1,57,,FL_35,use_1_4|use_1_1|use_1_3|use_1_2,value_1_1|value_1_3|value_1_2|value_1_4,,,,
10/31/22 9:48,10/31/22 9:52,0,96.18.175.30,100,234,1,10/31/22 9:52,R_yISCPIIMSf0A73H,,,,,43.5885,-116.1918,anonymous,EN,1,5acb88eb5cd1050001627d9e,2,2,2,4,,,,,,,,,,2,80,80,35,75,75,85,70,40000,,,,,,,,,,1,,3,,28,1,,1,60,,FL_36,,,use_2_4|use_2_3|use_2_2|use_2_1,value_2_4|value_2_3|value_2_1|value_2_2,,
10/31/22 9:48,10/31/22 9:52,0,207.229.178.155,100,240,1,10/31/22 9:52,R_1me0vP4OCuRhDPF,,,,,41.871,-87.6289,anonymous,EN,1,5fa19ab9ab63a72cffb4b521,2,2,2,4,5,91,70,81,50,70,93,61,50000,,,,,,,,,,,,,,,,,,,2,,3,,53,1,,1,66,,FL_35,use_1_4|use_1_2|use_1_1|use_1_3,value_1_1|value_1_2|value_1_4|value_1_3,,,,
10/31/22 9:49,10/31/22 9:52,0,96.70.26.57,100,163,1,10/31/22 9:52,R_3DtOgDptISgEEqy,,,,,39.0518,-94.4046,anonymous,EN,1,5a6a3790e70ca900017aa3b2,2,2,2,4,,,,,,,,,,4,54,56,50,41,76,66,0,60000,,,,,,,,,,2,,1,,35,3,,1,0,,FL_36,,,use_2_4|use_2_1|use_2_3|use_2_2,value_2_3|value_2_1|value_2_2|value_2_4,,
10/31/22 9:47,10/31/22 9:52,0,174.242.135.121,100,320,1,10/31/22 9:52,R_27xOhhoUfseAwOI,,,,,41.8244,-71.408,anonymous,EN,1,6321657b49ebd6e735142198,2,2,2,4,,,,,,,,,,,,,,,,,,,6,86,30,66,59,88,100,81,75000,1,,3,,33,4,,1,43,,FL_37,,,,,use_3_3|use_3_1|use_3_2|use_3_4,value_3_1|value_3_3|value_3_2|value_3_4
10/31/22 9:51,10/31/22 9:52,0,172.56.88.228,100,53,1,10/31/22 9:52,R_1hALbwf8pWPMKDn,,,,,29.3959,-98.4761,anonymous,EN,1,5f3473b0edba9239de777f84,2,1,,,,,,,,,,,,,,,,,,,,,,,,,,,,,,,,,,,,,,,,,,,,,,
10/31/22 9:52,10/31/22 9:52,0,71.247.37.235,100,24,1,10/31/22 9:52,R_3JlXHoyfJ3Q12Sk,,,,,40.6877,-73.9267,anonymous,EN,1,6109947c70eb94a943c213eb,2,1,,,,,,,,,,,,,,,,,,,,,,,,,,,,,,,,,,,,,,,,,,,,,,
10/31/22 9:50,10/31/22 9:53,0,173.75.35.148,100,179,1,10/31/22 9:53,R_WlEpAnHRvZxqk9z,,,,,40.5037,-80.0683,anonymous,EN,1,5af835d8e19f8c00019e6dc0,2,2,2,4,,,,,,,,,,2,65,90,80,25,70,90,60,45000,,,,,,,,,,1,,3,,39,4,,1,60,,FL_36,,,use_2_3|use_2_2|use_2_1|use_2_4,value_2_4|value_2_1|value_2_3|value_2_2,,
10/31/22 9:51,10/31/22 9:53,0,149.143.229.25,100,112,1,10/31/22 9:53,R_31t5xm68TkalLAs,,,,,40.3869,-82.4901,anonymous,EN,1,62b1f2bfcec5a48852005c5f,2,2,2,4,,,,,,,,,,,,,,,,,,,5,75,72,75,37,94,88,82,58000,2,,3,,20,2,,1,66,,FL_37,,,,,use_3_1|use_3_2|use_3_4|use_3_3,value_3_2|value_3_3|value_3_1|value_3_4
10/31/22 9:49,10/31/22 9:53,0,24.163.81.129,100,211,1,10/31/22 9:53,R_Uyyr7pjg2y5CiMV,,,,,36.0229,-78.9464,anonymous,EN,1,60fdb2b68724a8708f666bb7,2,2,2,4,,,,,,,,,,4,70,71,71,33,88,76,81,70000,,,,,,,,,,2,,3,,31,1,,1,30,,FL_36,,,use_2_1|use_2_2|use_2_3|use_2_4,value_2_2|value_2_4|value_2_1|value_2_3,,
10/31/22 9:51,10/31/22 9:53,0,70.255.97.12,100,89,1,10/31/22 9:53,R_2zbybjmOp8bmZd2,,,,,26.2462,-80.2652,anonymous,EN,1,6335c2e456a9b4ca55a47642,2,1,,,,,,,,,,,,,,,,,,,,,,,,,,,,,,,,,,,,,,,,,,,,,,
10/31/22 9:50,10/31/22 9:53,0,99.40.165.92,100,181,1,10/31/22 9:53,R_O23NDLKeEwsOOPL,,,,,28.9107,-81.1957,anonymous,EN,1,5fc2a0d49893540008bd113f,2,2,2,4,,,,,,,,,,,,,,,,,,,6,45,43,56,51,28,9,5,55000,2,,3,,45,1,,2,27,,FL_37,,,,,use_3_4|use_3_1|use_3_2|use_3_3,value_3_2|value_3_1|value_3_3|value_3_4
10/31/22 9:49,10/31/22 9:53,0,47.42.88.143,100,225,1,10/31/22 9:53,R_UQpJOKkIVLKmtqN,,,,,32.339,-97.4163,anonymous,EN,1,615e30b528a3bcab34cb4c94,2,2,2,4,,,,,,,,,,,,,,,,,,,5,80,95,80,30,70,50,70,60000,1,,1,,24,1,,1,70,,FL_37,,,,,use_3_3|use_3_2|use_3_1|use_3_4,value_3_4|value_3_1|value_3_2|value_3_3
10/31/22 9:50,10/31/22 9:53,0,68.104.161.88,100,174,1,10/31/22 9:53,R_AO48Pnhd0k1ELVD,,,,,33.3124,-111.9195,anonymous,EN,1,60b91edd217d7f4f4dcded1a,2,2,2,4,,,,,,,,,,4,50,70,70,40,50,60,50,55000,,,,,,,,,,1,,3,,33,4,,1,20,,FL_36,,,use_2_4|use_2_1|use_2_3|use_2_2,value_2_2|value_2_3|value_2_4|value_2_1,,
10/31/22 9:49,10/31/22 9:53,0,68.40.1.204,100,237,1,10/31/22 9:53,R_2b1rwJLXDFSCow5,,,,,43.0213,-85.6064,anonymous,EN,1,5dbcab257d3d3625a70a80b1,2,2,2,4,,,,,,,,,,,,,,,,,,,6,93,83,71,85,74,63,67,80000,1,,4,,24,4,,1,14,,FL_37,,,,,use_3_4|use_3_3|use_3_2|use_3_1,value_3_2|value_3_4|value_3_3|value_3_1
10/31/22 9:50,10/31/22 9:53,0,24.5.129.22,100,205,1,10/31/22 9:53,R_3EEhgsr68oR0WyG,,,,,37.8828,-122.1717,anonymous,EN,1,5b5089f9c36d8d0001ee0f73,2,2,2,4,3,60,40,40,70,50,65,70,60000,,,,,,,,,,,,,,,,,,,1,,3,,45,2,,1,65,,FL_35,use_1_1|use_1_3|use_1_2|use_1_4,value_1_1|value_1_2|value_1_4|value_1_3,,,,
10/31/22 9:46,10/31/22 9:53,0,64.85.151.114,100,400,1,10/31/22 9:53,R_2eUREGwbb3Jk0yx,,,,,43.1963,-86.2717,anonymous,EN,1,5c049e9bad9a9700011b877b,2,2,2,4,5,30,35,15,75,61,15,46,58000,,,,,,,,,,,,,,,,,,,2,,3,,27,5,,1,10,,FL_35,use_1_4|use_1_2|use_1_1|use_1_3,value_1_3|value_1_4|value_1_1|value_1_2,,,,
10/31/22 9:46,10/31/22 9:53,0,69.238.231.92,100,411,1,10/31/22 9:53,R_110Jsi53oSdIsiL,,,,,36.1722,-95.7295,anonymous,EN,1,628682de4bd770520715a2f9,2,2,2,4,,,,,,,,,,2,50,70,50,30,55,60,50,52000,,,,,,,,,,1,,5,,26,8,Less than Highschool,2,60,,FL_36,,,use_2_4|use_2_2|use_2_1|use_2_3,value_2_3|value_2_2|value_2_1|value_2_4,,
10/31/22 9:45,10/31/22 9:53,0,199.81.206.145,100,488,1,10/31/22 9:53,R_2qfVPwqMV0rbQnw,,,,,37.751,-97.822,anonymous,EN,1,5b6f055e7af624000109599f,2,2,2,4,6,50,50,60,60,50,10,0,40000,,,,,,,,,,,,,,,,,,,1,,4,,57,4,,1,10,,FL_35,use_1_1|use_1_3|use_1_4|use_1_2,value_1_4|value_1_2|value_1_3|value_1_1,,,,
10/31/22 9:50,10/31/22 9:54,0,68.196.120.136,100,217,1,10/31/22 9:54,R_3kdoUL6gv2m8KnM,,,,,40.6221,-73.981,anonymous,EN,1,5d6943fc90cade0016695e9b,2,2,1,4,,,,,,,,,,,,,,,,,,,5,50,50,60,60,60,60,55,55000,1,,2,,21,4,,2,30,,FL_37,,,,,use_3_3|use_3_4|use_3_2|use_3_1,value_3_1|value_3_2|value_3_4|value_3_3
10/31/22 9:53,10/31/22 9:54,0,174.207.37.149,100,51,1,10/31/22 9:54,R_uwYAGxILwM8SMqB,,,,,41.3844,-81.7003,anonymous,EN,1,5f1ed029192bd3000b05ddf8,2,1,,,,,,,,,,,,,,,,,,,,,,,,,,,,,,,,,,,,,,,,,,,,,,
10/31/22 9:50,10/31/22 9:54,0,172.58.128.99,100,245,1,10/31/22 9:54,R_211DdSJ59g2oQug,,,,,25.7846,-80.233,anonymous,EN,1,5e94080011d9b923e6d0091c,2,2,2,4,,,,,,,,,,,,,,,,,,,4,39,40,37,70,50,11,32,55000,2,,1,,22,4,,1,25,,FL_37,,,,,use_3_1|use_3_2|use_3_3|use_3_4,value_3_1|value_3_3|value_3_2|value_3_4
10/31/22 9:51,10/31/22 9:54,0,66.212.210.51,100,155,1,10/31/22 9:54,R_114oNwzucO4gLBq,,,,,41.7171,-71.8847,anonymous,EN,1,6335c7aa782a6330c0f83437,2,2,2,4,,,,,,,,,,4,82,78,76,28,62,80,72,55000,,,,,,,,,,1,,3,,33,1,,1,39,,FL_36,,,use_2_3|use_2_2|use_2_1|use_2_4,value_2_4|value_2_1|value_2_3|value_2_2,,
10/31/22 9:51,10/31/22 9:54,0,98.101.194.107,100,190,1,10/31/22 9:54,R_1DvSy5yn7pVQAx0,,,,,34.1847,-79.7704,anonymous,EN,1,61099ee4d51295e931efef6e,2,2,2,4,6,40,20,25,80,35,30,15,52000,,,,,,,,,,,,,,,,,,,2,,3,,27,4,,1,40,,FL_35,use_1_2|use_1_3|use_1_4|use_1_1,value_1_1|value_1_2|value_1_4|value_1_3,,,,
10/31/22 9:52,10/31/22 9:54,0,172.220.178.145,100,151,1,10/31/22 9:54,R_1cZzhqFBh4JYqU3,,,,,36.1359,-81.1573,anonymous,EN,1,5b76ce43bfc4cb0001f2c4c3,2,2,2,4,5,60,71,69,51,75,63,62,25000,,,,,,,,,,,,,,,,,,,2,,3,,49,3,,1,74,,FL_35,use_1_4|use_1_2|use_1_1|use_1_3,value_1_4|value_1_2|value_1_3|value_1_1,,,,
10/31/22 9:50,10/31/22 9:54,0,107.77.224.5,100,270,1,10/31/22 9:54,R_3JJLpQrGmmUA1h2,,,,,40.7066,-74.2027,anonymous,EN,1,61019e20a50fee082ccee54c,2,2,2,1,,,,,,,,,,4,67,71,50,70,62,68,73,55000,,,,,,,,,,2,,3,,22,4,,1,24,,FL_36,,,use_2_3|use_2_1|use_2_2|use_2_4,value_2_4|value_2_3|value_2_1|value_2_2,,
10/31/22 9:46,10/31/22 9:55,0,71.164.97.52,100,555,1,10/31/22 9:55,R_2TnkMeNVZNQjySl,,,,,42.7008,-73.8601,anonymous,EN,1,5c872cded9fe700001024123,2,2,2,4,4,74,79,82,77,84,79,76,57000,,,,,,,,,,,,,,,,,,,1,,4,,37,6,,1,71,,FL_35,use_1_1|use_1_4|use_1_2|use_1_3,value_1_3|value_1_2|value_1_1|value_1_4,,,,
10/31/22 9:52,10/31/22 9:55,0,149.160.88.195,100,188,1,10/31/22 9:55,R_5ikrj3E0lyABEQN,,,,,38.3085,-85.816,anonymous,EN,1,62e036569eccf0c9324081b6,2,2,2,4,,,,,,,,,,5,85,100,78,52,82,79,49,40000,,,,,,,,,,2,,3,,39,2,,1,20,,FL_36,,,use_2_1|use_2_4|use_2_3|use_2_2,value_2_1|value_2_4|value_2_2|value_2_3,,
10/31/22 9:52,10/31/22 9:55,0,50.5.142.31,100,196,1,10/31/22 9:55,R_cHGAcPxcdo0t3O1,,,,,39.2454,-84.2537,anonymous,EN,1,5fd6d4d010245e657cfdb02d,2,2,1,4,,,,,,,,,,6,0,0,0,100,50,0,0,30000,,,,,,,,,,2,,3,,28,4,,1,22,,FL_36,,,use_2_1|use_2_2|use_2_4|use_2_3,value_2_1|value_2_4|value_2_3|value_2_2,,
10/31/22 9:51,10/31/22 9:55,0,74.83.64.146,100,258,1,10/31/22 9:55,R_AMebj3XUn0BDQsh,,,,,39.1638,-84.4517,anonymous,EN,1,5d34de398f657e00150dd0d5,2,2,2,4,5,45,69,42,54,71,61,61,55000,,,,,,,,,,,,,,,,,,,1,,3,,61,4,,1,40,,FL_35,use_1_3|use_1_4|use_1_2|use_1_1,value_1_1|value_1_4|value_1_3|value_1_2,,,,
10/31/22 9:50,10/31/22 9:55,0,76.188.70.236,100,300,1,10/31/22 9:55,R_2VDA1b0uc4yiFab,,,,,41.0188,-81.6174,anonymous,EN,1,5d161a732982a300158d84cc,2,2,2,4,,,,,,,,,,,,,,,,,,,5,96,95,95,15,97,95,65,55000,2,,3,,33,3,,1,17,,FL_37,,,,,use_3_2|use_3_4|use_3_3|use_3_1,value_3_1|value_3_4|value_3_3|value_3_2
10/31/22 9:52,10/31/22 9:55,0,69.120.109.10,100,205,1,10/31/22 9:55,R_2xQAc6xrj2gsWjd,,,,,40.8565,-74.1231,anonymous,EN,1,578678f6900cc80001d2dea5,2,2,1,4,6,55,51,62,56,65,43,71,58000,,,,,,,,,,,,,,,,,,,2,,3,,48,3,,1,33,,FL_35,use_1_2|use_1_1|use_1_4|use_1_3,value_1_2|value_1_4|value_1_1|value_1_3,,,,
10/31/22 9:51,10/31/22 9:56,0,100.4.77.127,100,265,1,10/31/22 9:56,R_30nIdRsnIiGbujC,,,,,36.8009,-76.4227,anonymous,EN,1,60fca6fcaae0897c708e0390,2,2,2,4,,,,,,,,,,,,,,,,,,,6,51,70,70,51,66,35,56,80000,2,,5,,22,3,,1,10,,FL_37,,,,,use_3_3|use_3_2|use_3_4|use_3_1,value_3_3|value_3_2|value_3_4|value_3_1
10/31/22 9:53,10/31/22 9:56,0,108.184.24.37,100,181,1,10/31/22 9:56,R_DcoETC78fclU7rb,,,,,33.8651,-118.0717,anonymous,EN,1,5bb9b8c70cb04c00014fb62f,2,2,2,4,5,70,70,55,100,51,80,60,50000,,,,,,,,,,,,,,,,,,,1,,2,,23,3,,1,10,,FL_35,use_1_1|use_1_4|use_1_2|use_1_3,value_1_2|value_1_4|value_1_1|value_1_3,,,,
10/31/22 9:52,10/31/22 9:56,0,165.225.57.51,100,239,1,10/31/22 9:56,R_2TZPbktT4cq5swV,,,,,41.9025,-87.6726,anonymous,EN,1,5d4a00936952cd00153619fd,2,2,2,4,,,,,,,,,,,,,,,,,,,6,70,61,27,64,85,91,71,51000,1,,3,,45,3,,1,60,,FL_37,,,,,use_3_1|use_3_4|use_3_3|use_3_2,value_3_4|value_3_3|value_3_2|value_3_1
10/31/22 9:51,10/31/22 9:56,0,172.58.238.143,100,289,1,10/31/22 9:56,R_2pSqXDl8qWeAFHB,,,,,40.7924,-74.0096,anonymous,EN,1,627161ec9a2c16ab6496e364,2,2,2,4,,,,,,,,,,4,60,65,45,51,55,60,55,62000,,,,,,,,,,1,,3,,22,1,,1,35,,FL_36,,,use_2_4|use_2_3|use_2_1|use_2_2,value_2_1|value_2_2|value_2_3|value_2_4,,
10/31/22 9:49,10/31/22 9:56,0,24.18.49.159,100,409,1,10/31/22 9:56,R_3F25ceQdQIt3qki,,,,,47.223,-122.5361,anonymous,EN,1,6102c81e911700cf7ba5f6bd,2,2,2,4,,,,,,,,,,,,,,,,,,,6,70,42,92,30,64,25,62,60000,1,,3,,33,4,,1,70,,FL_37,,,,,use_3_4|use_3_3|use_3_2|use_3_1,value_3_1|value_3_3|value_3_2|value_3_4
10/31/22 9:53,10/31/22 9:56,0,72.208.205.217,100,227,1,10/31/22 9:56,R_1K78LW3NLPSB4A1,,,,,33.3825,-111.875,anonymous,EN,1,5e45ebd018bf820d2cb9ebab,2,2,2,4,,,,,,,,,,5,75,50,61,20,50,5,60,55000,,,,,,,,,,2,,3,,39,3,,2,25,,FL_36,,,use_2_3|use_2_1|use_2_4|use_2_2,value_2_4|value_2_1|value_2_3|value_2_2,,
10/31/22 9:53,10/31/22 9:57,0,136.53.69.71,100,216,1,10/31/22 9:57,R_2SB4VtGNDWe1R8Q,,,,,34.7315,-86.5654,anonymous,EN,1,60c10acc73ff7d406c3d940d,2,2,2,4,5,45,37,38,41,60,70,50,75000,,,,,,,,,,,,,,,,,,,1,,3,,38,5,,1,10,,FL_35,use_1_4|use_1_3|use_1_2|use_1_1,value_1_3|value_1_2|value_1_1|value_1_4,,,,
10/31/22 9:52,10/31/22 9:57,0,71.221.66.23,100,319,1,10/31/22 9:57,R_3HpQxlQvlbMjI0e,,,,,33.1238,-97.0275,anonymous,EN,1,614f472ea4a4e144d491d095,2,2,2,4,,,,,,,,,,,,,,,,,,,6,70,29,37,70,30,35,39,50,2,,3,,56,4,,1,28,,FL_37,,,,,use_3_1|use_3_2|use_3_4|use_3_3,value_3_2|value_3_4|value_3_1|value_3_3
10/31/22 9:53,10/31/22 9:57,0,68.57.16.212,100,248,1,10/31/22 9:57,R_1Lk8EjPez3PfQJj,,,,,34.9578,-85.3012,anonymous,EN,1,62e57d0eb24a98036ab998c4,2,2,1,4,,,,,,,,,,2,60,40,51,70,55,0,0,48000,,,,,,,,,,1,,3,,26,3,,1,75,,FL_36,,,use_2_2|use_2_1|use_2_4|use_2_3,value_2_1|value_2_2|value_2_3|value_2_4,,
10/31/22 9:53,10/31/22 9:57,0,65.129.46.102,100,276,1,10/31/22 9:57,R_1fkFSRpdZaOh8O0,,,,,43.7046,-116.3583,anonymous,EN,1,614f59b138dc25a862faa6a7,2,2,2,4,6,100,100,100,100,100,100,100,50000,,,,,,,,,,,,,,,,,,,2,,3,,32,2,,1,15,,FL_35,use_1_1|use_1_3|use_1_2|use_1_4,value_1_4|value_1_2|value_1_3|value_1_1,,,,
10/31/22 9:53,10/31/22 9:58,0,75.63.25.219,100,254,1,10/31/22 9:58,R_xmWaH9ACuDnVTXj,,,,,33.7256,-117.9119,anonymous,EN,1,5e9a2251a69f690b9cc31ede,2,2,2,4,,,,,,,,,,,,,,,,,,,6,35,71,85,23,95,85,75,60000,2,,4,,34,3,,2,63,,FL_37,,,,,use_3_3|use_3_4|use_3_1|use_3_2,value_3_4|value_3_2|value_3_3|value_3_1
10/31/22 9:54,10/31/22 9:58,0,199.59.112.141,100,208,1,10/31/22 9:58,R_2xJHv8qXYhaSjgP,,,,,34.5774,-83.5652,anonymous,EN,1,5eaecc764f192c59d0e8de52,2,2,2,4,,,,,,,,,,2,39,20,33,72,10,0,0,50000,,,,,,,,,,2,,3,,47,4,,1,40,,FL_36,,,use_2_3|use_2_2|use_2_1|use_2_4,value_2_2|value_2_1|value_2_3|value_2_4,,
10/31/22 9:50,10/31/22 9:58,0,174.197.138.236,100,466,1,10/31/22 9:58,R_1gHBWPMN6ZKUvzN,,,,,40.6955,-73.9667,anonymous,EN,1,5f91a6bf59acc003a749718a,2,2,2,4,,,,,,,,,,4,100,100,100,2,100,100,100,50000,,,,,,,,,,2,,5,,32,4,,1,73,,FL_36,,,use_2_1|use_2_3|use_2_2|use_2_4,value_2_3|value_2_2|value_2_1|value_2_4,,
10/31/22 9:53,10/31/22 9:58,0,65.51.78.131,100,290,1,10/31/22 9:58,R_3po369hgsJTDuIw,,,,,40.5365,-74.5962,anonymous,EN,1,5e0aa9378f1faf32c47f560c,2,2,2,4,,,,,,,,,,4,35,29,67,72,51,3,11,30,,,,,,,,,,1,,3,,33,4,,1,52,,FL_36,,,use_2_2|use_2_4|use_2_1|use_2_3,value_2_1|value_2_3|value_2_4|value_2_2,,
10/31/22 9:52,10/31/22 9:59,0,98.110.65.33,100,399,1,10/31/22 9:59,R_2Cxlu9o3zuyOHmr,,,,,39.8845,-74.9067,anonymous,EN,1,60e1e2e5bf8cfa6e08a411cb,2,2,2,4,,,,,,,,,,,,,,,,,,,4,51,60,62,62,73,75,73,90000,2,,3,,43,3,,1,51,,FL_37,,,,,use_3_1|use_3_4|use_3_2|use_3_3,value_3_3|value_3_4|value_3_2|value_3_1
10/31/22 9:54,10/31/22 9:59,0,98.114.53.237,100,304,1,10/31/22 9:59,R_2RU4t8qKVVfOxRn,,,,,40.1435,-75.3779,anonymous,EN,1,60b8ebe00e8724e493098e52,2,2,2,4,4,40,65,60,70,75,80,60,35000,,,,,,,,,,,,,,,,,,,1,,3,,39,5,,1,30,,FL_35,use_1_1|use_1_3|use_1_2|use_1_4,value_1_2|value_1_1|value_1_4|value_1_3,,,,
10/31/22 9:53,10/31/22 9:59,0,174.206.40.104,100,367,1,10/31/22 9:59,R_2xLx6DbdVHkU8ME,,,,,38.0936,-78.5623,anonymous,EN,1,5cfbe5afd3251300013fee89,2,2,2,4,,,,,,,,,,,,,,,,,,,6,34,42,40,74,50,8,62,78000,2,,3,,46,5,,1,30,,FL_37,,,,,use_3_1|use_3_2|use_3_4|use_3_3,value_3_3|value_3_2|value_3_4|value_3_1
10/31/22 9:52,10/31/22 10:00,0,76.133.188.123,100,446,1,10/31/22 10:00,R_3PXMAVTNqYcqOfn,,,,,37.5625,-122.0004,anonymous,EN,1,612e39f3c951f007ba655ff6,2,2,2,4,,,,,,,,,,3,87,91,86,19,83,86,86,50000,,,,,,,,,,2,,3,,29,4,,1,40,,FL_36,,,use_2_3|use_2_4|use_2_1|use_2_2,value_2_1|value_2_2|value_2_3|value_2_4,,
10/31/22 9:47,10/31/22 10:00,0,173.79.7.138,100,762,1,10/31/22 10:00,R_2xwWYBHHEN8L5ey,,,,,38.7911,-77.5264,anonymous,EN,1,62efd80e052c3a3aaae2d46f,2,2,2,4,6,75,80,60,45,60,80,65,65000,,,,,,,,,,,,,,,,,,,1,,2,,19,1,,1,30,,FL_35,use_1_3|use_1_2|use_1_4|use_1_1,value_1_1|value_1_2|value_1_4|value_1_3,,,,
10/31/22 9:58,10/31/22 10:01,0,186.90.219.78,100,169,1,10/31/22 10:01,R_2f0BNDvaLiewgi6,,,,,8.2981,-62.7186,anonymous,EN,1,61292a3404d387db5b0b2a32,2,2,2,4,,,,,,,,,,6,41,51,35,48,50,61,53,70000,,,,,,,,,,1,,3,,30,4,,1,49,,FL_36,,,use_2_2|use_2_1|use_2_3|use_2_4,value_2_1|value_2_3|value_2_4|value_2_2,,
10/31/22 9:53,10/31/22 10:02,0,198.209.8.227,100,550,1,10/31/22 10:02,R_3QWAevFYJTpewBJ,,,,,37.2117,-93.299,anonymous,EN,1,60dc0185764ae8cd7fd829b7,2,2,2,4,,,,,,,,,,,,,,,,,,,4,64,66,80,61,60,55,57,50000,1,,3,,31,4,,1,24,,FL_37,,,,,use_3_2|use_3_4|use_3_3|use_3_1,value_3_3|value_3_2|value_3_4|value_3_1
10/31/22 9:54,10/31/22 10:02,0,74.72.192.57,100,530,1,10/31/22 10:02,R_eqFZYO6WGa0PXAR,,,,,40.7961,-73.9513,anonymous,EN,1,63384cd0e6ee61524fca714e,2,2,2,4,5,81,81,81,19,92,71,91,50000,,,,,,,,,,,,,,,,,,,2,,1,,72,3,,2,40,,FL_35,use_1_2|use_1_3|use_1_4|use_1_1,value_1_3|value_1_2|value_1_4|value_1_1,,,,
10/31/22 9:53,10/31/22 10:06,0,67.171.174.199,100,798,1,10/31/22 10:06,R_Ug9ZgKYpIF9MBPz,,,,,45.3716,-122.7656,anonymous,EN,1,581d50e882c5aa000132ce4f,2,2,2,4,4,83,82,67,71,62,73,72,55000,,,,,,,,,,,,,,,,,,,1,,3,,36,1,,1,66,,FL_35,use_1_4|use_1_3|use_1_1|use_1_2,value_1_2|value_1_1|value_1_3|value_1_4,,,,
10/31/22 10:00,10/31/22 10:07,0,69.255.201.173,100,436,1,10/31/22 10:07,R_1lbib7G5IjD8LVn,,,,,39.336,-76.7877,anonymous,EN,1,6102c843811b2ec9d92767ad,2,2,2,4,2,65,76,71,44,56,67,69,52000,,,,,,,,,,,,,,,,,,,1,,3,,35,5,,1,40,,FL_35,use_1_1|use_1_3|use_1_4|use_1_2,value_1_4|value_1_3|value_1_1|value_1_2,,,,
10/31/22 10:00,10/31/22 10:08,0,67.168.36.12,100,521,1,10/31/22 10:08,R_1DD0GNzUyYHIHsc,,,,,47.617,-117.361,anonymous,EN,1,5cd063ce657e300016f6c95a,2,2,2,4,,,,,,,,,,,,,,,,,,,6,60,85,60,45,80,80,60,60000,4,Non Binary,5,,31,2,,1,40,,FL_37,,,,,use_3_3|use_3_2|use_3_4|use_3_1,value_3_1|value_3_3|value_3_2|value_3_4
10/31/22 9:53,10/31/22 10:09,0,216.165.95.131,100,932,1,10/31/22 10:09,R_25HGPzEZMvFb8SD,,,,,40.7359,-73.9904,anonymous,EN,1,6318bb53c4b2fc8af0cfdf8f,2,2,2,3,,,,,,,,,,,,,,,,,,,5,35,40,28,76,35,69,44,50000,1,,1,,25,4,,1,65,,FL_37,,,,,use_3_3|use_3_4|use_3_2|use_3_1,value_3_1|value_3_4|value_3_2|value_3_3
10/31/22 10:07,10/31/22 10:09,0,96.10.105.26,100,137,1,10/31/22 10:09,R_2alxpdmKM9xC3tU,,,,,34.0259,-80.9547,anonymous,EN,1,61076ecdd55682c60fa80334,2,2,2,4,,,,,,,,,,5,27,57,24,58,80,81,86,96000,,,,,,,,,,2,,3,,21,4,,1,9,,FL_36,,,use_2_4|use_2_3|use_2_2|use_2_1,value_2_2|value_2_4|value_2_1|value_2_3,,
10/31/22 10:07,10/31/22 10:13,0,24.209.166.103,100,337,1,10/31/22 10:13,R_3Eo2ZrrTwGhI9FV,,,,,43.0006,-88.22,anonymous,EN,1,5bf465a2f35e0c00010178af,2,2,1,4,,,,,,,,,,4,72,72,76,73,76,62,50,65000,,,,,,,,,,1,,3,,36,5,,1,69,,FL_36,,,use_2_1|use_2_2|use_2_3|use_2_4,value_2_3|value_2_4|value_2_2|value_2_1,,
10/31/22 10:45,10/31/22 10:47,0,165.225.10.246,100,142,1,10/31/22 10:47,R_1I5HIdTXukKDW1n,,,,,39.6993,-104.8814,anonymous,EN,1,5c38def3f451bf0001d9c01e,2,2,2,4,6,84,34,70,66,72,59,30,65000,,,,,,,,,,,,,,,,,,,1,,3,,46,1,,1,28,,FL_35,use_1_2|use_1_3|use_1_1|use_1_4,value_1_1|value_1_4|value_1_2|value_1_3,,,,
10/31/22 10:45,10/31/22 10:49,0,174.240.22.14,100,259,1,10/31/22 10:49,R_3MDJghCloMCeTZO,,,,,33.5922,-112.0029,anonymous,EN,1,622a11c552b2b35bab72a39c,2,2,2,4,,,,,,,,,,,,,,,,,,,6,70,30,50,70,75,70,60,48000,1,,3,,62,3,,1,50,,FL_37,,,,,use_3_3|use_3_4|use_3_2|use_3_1,value_3_3|value_3_1|value_3_4|value_3_2