StartDate,EndDate,Status,IPAddress,Progress,Duration (in seconds),Finished,RecordedDate,ResponseId,RecipientLastName,RecipientFirstName,RecipientEmail,ExternalReference,LocationLatitude,LocationLongitude,DistributionChannel,UserLanguage,ic,brand,att_1,att_2,model,long,purchase,drive,acceleration_3,smooth_3,ease_3,issues_3,comp_1,comp_2,automation,gender,gender_4_TEXT,ethnicity,ethnicity_6_TEXT,age,education,education_8_TEXT,ai_knowledge_1,aware,used,workerID,hitID,assignmentId,projectId
Start Date,End Date,Response Type,IP Address,Progress,Duration (in seconds),Finished,Recorded Date,Response ID,Recipient Last Name,Recipient First Name,Recipient Email,External Data Reference,Location Latitude,Location Longitude,Distribution Channel,User Language,"Informed Consent 



Participation is voluntary 

It is your choice whether or not to participate in this research. If you choose to participate, you may change your mind and leave the study at any time. Refusal to participate or stopping your participation will involve no penalty or loss of benefits to which you are otherwise entitled.



What is the purpose of this research? 

The purpose of this research is to examine human judgments about automated systems. All data from this experiment are gathered for scientific purposes and will contribute to our eventual understanding of brain and visual function. These data may be published in scientific journals so that other researchers may have access to these data.



How long will I take part in this research? 

Your participation will take approximately 4 minutes to complete.



What can I expect if I take part in this research? 

As a participant, you will be asked to look at images presented on a video display and give responses with key presses or movements of a mouse pointing device. Your response may involve responding as quickly as you can, memorizing what you saw, making a judgment, or completing a questionnaire. You will also be asked to complete a demographics form.



What are the risks and possible discomforts? 

If you choose to participate, the effects should be comparable to those you would experience from viewing a computer monitor for 15 minutes and using a mouse or keyboard, e.g., eye fatigue. You are free to take breaks throughout the session.



Will I be compensated for participating in this research? 

You will be compensated $0.80 for this study. You will still receive payment if you withdraw early.



If I take part in this research, how will my privacy be protected? What happens to the information you collect? 

Your participation in this experiment will remain confidential, and your identity will not be stored with your data.



If I have any questions, concerns or complaints about this research study, who can I talk to? 

The researcher for this study is Julian De Freitas who can be reached at 626.559.6401; #161 Morgan Hall, 15 Harvard Way, Boston MA, 02163; jdefreitas@hbs.edu. If you have questions, concerns, or complaints,

	If you would like to talk to the research team,
	If you think the research has harmed you, or
	If you wish to withdraw from the study.

This research has been reviewed by the Committee on the Use of Human Subjects in Research at Harvard University. They can be reached at 617-496-2847, 1350 Massachusetts Avenue, Suite 935, Cambridge, MA 02138, or cuhs@harvard.edu for any of the following:


	If your questions, concerns, or complaints are not being answered by the research team,
	If you cannot reach the research team,
	If you want to talk to someone besides the research team, or
	If you have questions about your rights as a research participant.","Which vehicle brands do you currently own? Select all that apply, or choose 'None of the above' if you don't own any.","This is an attention check. 

John is taller than Paul. Who is shorter?","To show whether you are reading carefully, please select ""Neither Agree nor Disagree"" in the options below.",Which Tesla model do you own?,How long have you owned your Tesla vehicle?,Did you purchase the Tesla vehicle yourself?,Do you usually drive the Tesla vehicle?,"The acceleration and responsiveness of my Tesla meet my expectations for different driving conditions, such as city or highway.",My Tesla provides a smooth and quiet ride compared to other cars I’ve driven.,I can easily locate a Supercharger or other charging station when I’m on the road.,I rarely experience issues with charging speeds or station availability during busy travel times.,You were shown a table. What did the table represent?,What were the values for vehicle type #1 (the one at the top of the table)?,"What do you perceive as the level of automation for Tesla's Autopilot?

Note- the goal of this question is not to test accuracy, so please do not search for this information on the internet or with search engines such as Google. Please answer based solely on your current knowledge of Tesla's Autopilot.",What is your gender? - Selected Choice,What is your gender? - Other (please specify) - Text,What is your ethnicity? - Selected Choice,What is your ethnicity? - Other (please specify) - Text,What is your age (in years)?,Please indicate the highest level of education completed. - Selected Choice,Please indicate the highest level of education completed. - Other (please specify) - Text,How much would you say you know about Autonomous Vehicles?,Were you previously aware of Tesla's Autopilot software?,Have you ever used Tesla's Autopilot software?,workerID,hitID,assignmentId,projectId
"{""ImportId"":""startDate"",""timeZone"":""America/Denver""}","{""ImportId"":""endDate"",""timeZone"":""America/Denver""}","{""ImportId"":""status""}","{""ImportId"":""ipAddress""}","{""ImportId"":""progress""}","{""ImportId"":""duration""}","{""ImportId"":""finished""}","{""ImportId"":""recordedDate"",""timeZone"":""America/Denver""}","{""ImportId"":""_recordId""}","{""ImportId"":""recipientLastName""}","{""ImportId"":""recipientFirstName""}","{""ImportId"":""recipientEmail""}","{""ImportId"":""externalDataReference""}","{""ImportId"":""locationLatitude""}","{""ImportId"":""locationLongitude""}","{""ImportId"":""distributionChannel""}","{""ImportId"":""userLanguage""}","{""ImportId"":""QID336""}","{""ImportId"":""QID381""}","{""ImportId"":""QID2""}","{""ImportId"":""QID3""}","{""ImportId"":""QID382_TEXT""}","{""ImportId"":""QID383""}","{""ImportId"":""QID386""}","{""ImportId"":""QID388""}","{""ImportId"":""QID379_3""}","{""ImportId"":""QID380_3""}","{""ImportId"":""QID374_3""}","{""ImportId"":""QID376_3""}","{""ImportId"":""QID352""}","{""ImportId"":""QID351""}","{""ImportId"":""QID355""}","{""ImportId"":""QID22""}","{""ImportId"":""QID22_4_TEXT""}","{""ImportId"":""QID23""}","{""ImportId"":""QID23_6_TEXT""}","{""ImportId"":""QID24_TEXT""}","{""ImportId"":""QID25""}","{""ImportId"":""QID25_8_TEXT""}","{""ImportId"":""QID27_1""}","{""ImportId"":""QID384""}","{""ImportId"":""QID385""}","{""ImportId"":""workerID""}","{""ImportId"":""hitID""}","{""ImportId"":""assignmentId""}","{""ImportId"":""projectId""}"
2024-11-15 13:31:08,2024-11-15 13:34:24,0,65.131.244.241,100,196,1,2024-11-15 13:34:25,R_3JfS1OzOpneuyRm,,,,,29.1052,-82.0955,anonymous,EN,1,10,2,5,Model 3,2,1,1,85,93,42,39,2,4,4,2,,3,,31,4,,83,2,3,,,,
2024-11-15 14:00:17,2024-11-15 14:00:40,0,108.225.66.16,100,22,1,2024-11-15 14:00:41,R_7kqdZDTUBwcQjUR,,,,,33.5706,-101.8662,anonymous,EN,1,3,,,,,,,,,,,,,,,,,,,,,,,,,,,
2024-11-15 14:02:05,2024-11-15 14:04:24,0,50.77.52.189,100,139,1,2024-11-15 14:04:24,R_1XNXWFwzm8M3oWZ,,,,,44.9734,-93.2782,anonymous,EN,1,"10,11",2,5,3,2,1,1,95,45,91,91,2,4,5,1,,3,,52,4,,91,2,2,,,,
2024-11-15 14:02:02,2024-11-15 14:05:38,0,70.20.226.45,100,215,1,2024-11-15 14:05:38,R_13aOu57qppdze6d,,,,,40.0364,-75.2219,anonymous,EN,1,"4,6,10",2,5,model 3,2,1,1,78,90,91,29,2,4,4,2,,5,,31,4,,64,2,2,,,,
2024-11-15 14:04:22,2024-11-15 14:06:06,0,172.59.9.131,100,103,1,2024-11-15 14:06:06,R_7EAfcUcffwMqJS0,,,,,41.5481,-73.0012,anonymous,EN,1,11,,,,,,,,,,,,,,,,,,,,,,,,,,,
2024-11-15 14:14:46,2024-11-15 14:18:39,0,172.56.241.138,100,232,1,2024-11-15 14:18:39,R_17WhbxvXp618w9j,,,,,32.6065,-117.058,anonymous,EN,1,10,2,5,3,2,1,1,86,92,79,85,2,4,5,2,,4,,30,4,,57,2,3,,,,
2024-11-15 14:12:16,2024-11-15 14:19:01,0,67.249.36.148,100,404,1,2024-11-15 14:19:01,R_5ZPle8Tkb8M6hTG,,,,,43.0653,-76.0785,anonymous,EN,1,"4,10",2,5,Model 3,1,2,1,100,100,100,100,2,4,5,2,,3,,54,1,,70,2,3,,,,
2024-11-15 14:34:53,2024-11-15 14:35:46,0,73.178.221.11,100,52,1,2024-11-15 14:35:47,R_1IcpA2TiFmbsWsD,,,,,39.91,-75.0748,anonymous,EN,1,3,,,,,,,,,,,,,,,,,,,,,,,,,,,
2024-11-18 06:55:30,2024-11-18 06:57:45,0,69.238.231.192,100,134,1,2024-11-18 06:57:45,R_1He6NGC4REER1yV,,,,,36.189,-95.7458,anonymous,EN,1,"4,11",,,,,,,,,,,,,,,,,,,,,,,,,,,
2024-11-18 07:06:26,2024-11-18 07:07:03,0,184.90.220.33,100,37,1,2024-11-18 07:07:03,R_31bwjK80pn3exEd,,,,,28.4883,-81.4061,anonymous,EN,1,"1,2,3",,,,,,,,,,,,,,,,,,,,,,,,,,,
2024-11-18 07:06:30,2024-11-18 07:07:43,0,172.56.218.117,100,73,1,2024-11-18 07:07:44,R_7oA8FIgFWio76EK,,,,,39.9934,-75.1425,anonymous,EN,1,6,,,,,,,,,,,,,,,,,,,,,,,,,,,
2024-11-18 07:07:47,2024-11-18 07:10:04,0,45.194.101.24,100,136,1,2024-11-18 07:10:05,R_5TAcSmjtGsKpAYs,,,,,40.7123,-74.0068,anonymous,EN,1,2,,,,,,,,,,,,,,,,,,,,,,,,,,,
2024-11-18 07:07:36,2024-11-18 07:12:11,0,212.116.254.65,100,275,1,2024-11-18 07:12:12,R_6XjuPCVL7kOom8y,,,,,39.0469,-77.4903,anonymous,EN,1,"2,4,11",,,,,,,,,,,,,,,,,,,,,,,,,,,
2024-11-18 07:11:34,2024-11-18 07:12:41,0,104.218.199.8,100,67,1,2024-11-18 07:12:42,R_5MHdClnDWANSvdf,,,,,33.4475,-112.0866,anonymous,EN,1,"1,2",,,,,,,,,,,,,,,,,,,,,,,,,,,
2024-11-18 07:11:40,2024-11-18 07:13:15,0,154.7.225.177,100,94,1,2024-11-18 07:13:15,R_3N951nL2TXGesg5,,,,,39.0469,-77.4903,anonymous,EN,1,2,,,,,,,,,,,,,,,,,,,,,,,,,,,
2024-11-18 07:13:59,2024-11-18 07:14:26,0,67.241.216.213,100,26,1,2024-11-18 07:14:26,R_5QFHwrEAqkKhJrl,,,,,44.8227,-68.8001,anonymous,EN,1,1,,,,,,,,,,,,,,,,,,,,,,,,,,,
2024-11-18 07:14:37,2024-11-18 07:17:35,0,73.31.117.95,100,177,1,2024-11-18 07:17:35,R_7g5Q1CqdsxberDj,,,,,37.1232,-79.281,anonymous,EN,1,10,2,5,Model 3,2,1,1,94,100,79,82,3,4,5,1,,3,,46,5,,88,2,2,,,,
2024-11-18 07:17:16,2024-11-18 07:17:37,0,162.224.207.188,100,21,1,2024-11-18 07:17:38,R_3WNLmz8h9oNGYf4,,,,,36.1053,-79.8762,anonymous,EN,1,"6,11",,,,,,,,,,,,,,,,,,,,,,,,,,,
2024-11-18 07:13:27,2024-11-18 07:18:12,0,154.7.225.177,100,285,1,2024-11-18 07:18:13,R_7Oe496qUW3orEsF,,,,,39.0469,-77.4903,anonymous,EN,1,2,,,,,,,,,,,,,,,,,,,,,,,,,,,
2024-11-18 07:15:35,2024-11-18 07:18:39,0,107.180.173.204,100,183,1,2024-11-18 07:18:39,R_7D5lfcqK1nEPRJk,,,,,37.751,-97.822,anonymous,EN,1,"1,6",,,,,,,,,,,,,,,,,,,,,,,,,,,
2024-11-18 07:16:02,2024-11-18 07:18:56,0,71.233.188.171,100,174,1,2024-11-18 07:18:56,R_6rRYVlMKv8GxNmx,,,,,42.3253,-71.0951,anonymous,EN,1,10,2,5,model x,2,1,1,81,97,81,93,2,4,5,1,,1,,53,4,,75,2,2,,,,
2024-11-18 07:20:34,2024-11-18 07:21:12,0,172.58.125.232,100,37,1,2024-11-18 07:21:13,R_7NELL0uUAqeLNV2,,,,,42.4257,-83.1522,anonymous,EN,1,3,,,,,,,,,,,,,,,,,,,,,,,,,,,
2024-11-18 07:25:04,2024-11-18 07:25:43,0,75.8.34.194,100,38,1,2024-11-18 07:25:43,R_6DtFhKJdwC9y6qE,,,,,32.7261,-97.3183,anonymous,EN,1,1,,,,,,,,,,,,,,,,,,,,,,,,,,,
2024-11-18 07:26:24,2024-11-18 07:28:27,0,154.7.225.132,100,122,1,2024-11-18 07:28:27,R_3oLMQWZ7fGQwONM,,,,,39.0469,-77.4903,anonymous,EN,1,3,,,,,,,,,,,,,,,,,,,,,,,,,,,
2024-11-18 07:21:08,2024-11-18 07:29:19,0,172.56.122.149,100,490,1,2024-11-18 07:29:19,R_5PG3vXTRtXciQWu,,,,,34.1928,-118.4886,anonymous,EN,1,10,2,5,cyber truck,1,1,1,100,100,100,100,2,4,6,2,,1,,68,7,,100,2,2,,,,
2024-11-18 07:26:30,2024-11-18 07:30:29,0,108.88.222.83,100,239,1,2024-11-18 07:30:30,R_1GdAMrwFSv0yvmC,,,,,35.2518,-90.0247,anonymous,EN,1,"1,2,6",,,,,,,,,,,,,,,,,,,,,,,,,,,
2024-11-18 07:29:58,2024-11-18 07:30:53,0,162.0.204.107,100,54,1,2024-11-18 07:30:53,R_1IeRdrvmniS76MN,,,,,36.1938,-83.2784,anonymous,EN,1,"1,2",,,,,,,,,,,,,,,,,,,,,,,,,,,
2024-11-18 07:29:59,2024-11-18 07:32:48,0,72.86.47.23,100,168,1,2024-11-18 07:32:49,R_5sbsa7f7plnrXNg,,,,,39.1783,-77.5196,anonymous,EN,1,"2,3,10",2,5,Model 3,2,1,1,100,100,100,100,2,4,5,1,,3,,47,5,,85,2,2,,,,
2024-11-18 07:27:02,2024-11-18 07:32:50,0,104.218.199.2,100,348,1,2024-11-18 07:32:51,R_5li4Z6VGeSzjSlz,,,,,33.4475,-112.0866,anonymous,EN,1,"2,10",2,5,Tesla Model 3,2,1,1,84,88,81,87,2,4,5,1,,3,,27,5,,73,2,3,,,,
2024-11-18 07:32:45,2024-11-18 07:33:13,0,24.164.63.92,100,27,1,2024-11-18 07:33:13,R_5Pb8gTCQrGTVsLR,,,,,27.8044,-82.2759,anonymous,EN,1,6,,,,,,,,,,,,,,,,,,,,,,,,,,,
2024-11-18 07:32:40,2024-11-18 07:33:30,0,69.218.230.46,100,50,1,2024-11-18 07:33:30,R_6XJE3tWa7wLCgbD,,,,,33.8775,-84.5017,anonymous,EN,1,1,,,,,,,,,,,,,,,,,,,,,,,,,,,
2024-11-18 07:29:34,2024-11-18 07:33:33,0,104.218.199.232,100,239,1,2024-11-18 07:33:34,R_1sc67YatyBy0Xp0,,,,,33.4475,-112.0866,anonymous,EN,1,2,,,,,,,,,,,,,,,,,,,,,,,,,,,
2024-11-18 07:27:20,2024-11-18 07:33:34,0,73.54.85.75,100,374,1,2024-11-18 07:33:34,R_3Lifbt6FyBDAJik,,,,,26.5337,-81.7062,anonymous,EN,1,10,2,5,Y,1,1,1,100,100,90,100,2,4,6,1,,3,,39,3,,32,2,2,,,,
2024-11-18 07:34:56,2024-11-18 07:36:03,0,81.161.4.205,100,66,1,2024-11-18 07:36:03,R_3JWJgKpM8CubEzs,,,,,40.7662,-74.0178,anonymous,EN,1,"2,4",,,,,,,,,,,,,,,,,,,,,,,,,,,
2024-11-18 07:30:39,2024-11-18 07:37:17,0,45.194.100.172,100,397,1,2024-11-18 07:37:17,R_72ycvb3NUox4fsD,,,,,40.7123,-74.0068,anonymous,EN,1,10,2,5,tesla S,1,2,1,79,82,51,51,2,4,4,1,,3,,26,5,,70,2,2,,,,
2024-11-18 07:33:38,2024-11-18 07:37:40,0,154.7.225.95,100,241,1,2024-11-18 07:37:40,R_7zc41LxEMAYT50n,,,,,39.0469,-77.4903,anonymous,EN,1,10,2,5,Tesla Model 3,2,1,1,81,82,82,59,1,2,5,1,,1,,25,4,,70,2,2,,,,
2024-11-18 07:33:59,2024-11-18 07:38:43,0,89.46.3.227,100,283,1,2024-11-18 07:38:44,R_3Kl50fiJhRv3lPT,,,,,43.5213,-73.2471,anonymous,EN,1,10,2,5,Tesla model 3,2,1,1,80,75,91,90,2,4,2,2,,3,,27,4,,20,2,2,,,,
2024-11-18 07:34:47,2024-11-18 07:40:54,0,72.250.74.238,100,366,1,2024-11-18 07:40:54,R_1jWhpGBlK9wIcEN,,,,,41.8874,-87.6318,anonymous,EN,1,"2,10",2,5,model 3,1,1,1,100,68,62,63,2,4,4,2,,1,,23,4,,90,3,3,,,,
2024-11-18 07:40:44,2024-11-18 07:41:33,0,68.72.9.229,100,49,1,2024-11-18 07:41:34,R_5Hzu50wxb46lbVo,,,,,33.8574,-84.013,anonymous,EN,1,11,,,,,,,,,,,,,,,,,,,,,,,,,,,
2024-11-18 07:35:08,2024-11-18 07:44:27,0,154.7.225.84,100,558,1,2024-11-18 07:44:29,R_33kT4yBNhnfOHaV,,,,,39.0469,-77.4903,anonymous,EN,1,"2,10",2,5,model X,2,2,1,74,70,63,75,2,4,6,2,,3,,23,3,,40,2,3,,,,
2024-11-18 07:43:32,2024-11-18 07:44:37,0,108.144.199.159,100,64,1,2024-11-18 07:44:39,R_7tGo2J7YBCF9nQ8,,,,,37.751,-97.822,anonymous,EN,1,1,,,,,,,,,,,,,,,,,,,,,,,,,,,
2024-11-18 07:41:01,2024-11-18 07:44:45,0,142.196.39.191,100,223,1,2024-11-18 07:44:45,R_1VOwOY99MrAA0i7,,,,,28.5504,-81.1833,anonymous,EN,1,10,2,5,3,1,1,1,100,100,100,73,3,4,4,1,,3,,46,4,,100,2,2,,,,
2024-11-18 07:35:15,2024-11-18 07:45:10,0,104.251.93.219,100,594,1,2024-11-18 07:45:11,R_34MmD0qMGlu03g7,,,,,37.751,-97.822,anonymous,EN,1,10,2,5,MODEL Y,2,2,1,74,63,71,48,2,4,6,2,,1,,31,5,,51,2,3,,,,
2024-11-18 07:33:52,2024-11-18 07:45:39,0,76.114.81.155,100,706,1,2024-11-18 07:45:39,R_1bV2JiadTnX85fJ,,,,,35.8451,-86.4901,anonymous,EN,1,10,2,5,model 3,1,1,1,59,72,58,60,2,4,4,1,,1,,23,5,,78,2,2,,,,
2024-11-18 07:44:29,2024-11-18 07:47:54,0,100.37.49.87,100,204,1,2024-11-18 07:47:54,R_7TT8Aqo6h1PFwwW,,,,,40.5468,-74.1804,anonymous,EN,1,1,,,,,,,,,,,,,,,,,,,,,,,,,,,
2024-11-18 07:46:54,2024-11-18 07:48:16,0,172.56.79.129,100,81,1,2024-11-18 07:48:16,R_7HGOtWj5CVoU4vL,,,,,28.4883,-81.4061,anonymous,EN,1,1,,,,,,,,,,,,,,,,,,,,,,,,,,,
2024-11-18 07:47:23,2024-11-18 07:48:20,0,172.56.79.129,100,56,1,2024-11-18 07:48:20,R_5pMtFSTHkU3vuTf,,,,,28.5788,-81.4396,anonymous,EN,1,2,,,,,,,,,,,,,,,,,,,,,,,,,,,
2024-11-18 07:42:34,2024-11-18 07:49:45,0,154.7.225.111,100,431,1,2024-11-18 07:49:45,R_7mX79a9C11LSdcl,,,,,39.0469,-77.4903,anonymous,EN,1,"1,4",,,,,,,,,,,,,,,,,,,,,,,,,,,
2024-11-18 07:47:39,2024-11-18 07:49:59,0,154.7.225.98,100,139,1,2024-11-18 07:50:00,R_1kLmaBfjG2dpZcE,,,,,39.0469,-77.4903,anonymous,EN,1,,,,,,,,,,,,,,,,,,,,,,,,,,,,
2024-11-18 07:49:45,2024-11-18 07:51:33,0,156.228.126.44,100,108,1,2024-11-18 07:51:34,R_5MDtmaeS2Yx9kpy,,,,,40.7123,-74.0068,anonymous,EN,1,2,,,,,,,,,,,,,,,,,,,,,,,,,,,
2024-11-18 07:50:52,2024-11-18 07:51:37,0,68.63.50.191,100,45,1,2024-11-18 07:51:38,R_6PNyTxwSr25sQBe,,,,,30.6601,-88.1665,anonymous,EN,1,2,,,,,,,,,,,,,,,,,,,,,,,,,,,
2024-11-18 07:48:41,2024-11-18 07:51:44,0,140.233.229.246,100,182,1,2024-11-18 07:51:44,R_67O3JhBA9U1eSi2,,,,,37.751,-97.822,anonymous,EN,1,2,,,,,,,,,,,,,,,,,,,,,,,,,,,
2024-11-18 07:51:12,2024-11-18 07:53:20,0,162.193.39.18,100,127,1,2024-11-18 07:53:21,R_3ztOvgbuvdwdQNH,,,,,35.9306,-86.8788,anonymous,EN,1,10,2,5,y,2,1,1,100,86,100,90,2,4,6,1,,3,,49,7,,89,2,2,,,,
2024-11-18 07:53:45,2024-11-18 07:54:08,0,71.190.208.45,100,22,1,2024-11-18 07:54:08,R_1E5IvtTSZ9mPbHk,,,,,40.76,-73.5318,anonymous,EN,1,6,,,,,,,,,,,,,,,,,,,,,,,,,,,
2024-11-18 07:54:06,2024-11-18 07:54:55,0,73.41.22.37,100,49,1,2024-11-18 07:54:56,R_3WBeryo023EM0yu,,,,,38.4957,-121.5348,anonymous,EN,1,4,,,,,,,,,,,,,,,,,,,,,,,,,,,
2024-11-18 07:54:35,2024-11-18 07:55:15,0,64.84.106.66,100,40,1,2024-11-18 07:55:15,R_14qleGJYMirj6Wa,,,,,36.0767,-79.7946,anonymous,EN,1,2,,,,,,,,,,,,,,,,,,,,,,,,,,,
2024-11-18 07:52:05,2024-11-18 07:55:34,0,107.77.223.21,100,209,1,2024-11-18 07:55:35,R_51dEfADQPt9WT20,,,,,40.7359,-73.9904,anonymous,EN,1,1,,,,,,,,,,,,,,,,,,,,,,,,,,,
2024-11-18 07:55:38,2024-11-18 07:56:43,0,107.180.173.2,100,65,1,2024-11-18 07:56:44,R_7g6gYO772n0AGZJ,,,,,37.751,-97.822,anonymous,EN,1,"1,2",,,,,,,,,,,,,,,,,,,,,,,,,,,
2024-11-18 07:50:43,2024-11-18 07:57:10,0,154.7.225.119,100,387,1,2024-11-18 07:57:11,R_3fJJjm61GqaYLTS,,,,,39.0469,-77.4903,anonymous,EN,1,11,,,,,,,,,,,,,,,,,,,,,,,,,,,
2024-11-18 07:57:29,2024-11-18 07:57:55,0,24.205.19.230,100,26,1,2024-11-18 07:57:56,R_1GjIXgznxfX9q3D,,,,,34.011,-118.1145,anonymous,EN,1,11,,,,,,,,,,,,,,,,,,,,,,,,,,,
2024-11-18 07:56:34,2024-11-18 07:58:04,0,154.7.225.225,100,90,1,2024-11-18 07:58:05,R_57zTcoOUYgDFZ1T,,,,,39.0469,-77.4903,anonymous,EN,1,,,,,,,,,,,,,,,,,,,,,,,,,,,,
2024-11-18 07:57:49,2024-11-18 07:58:19,0,107.77.221.150,100,30,1,2024-11-18 07:58:20,R_7r7G8biUDdj5WnO,,,,,32.7797,-96.8022,anonymous,EN,1,2,,,,,,,,,,,,,,,,,,,,,,,,,,,
2024-11-18 07:54:29,2024-11-18 07:58:21,0,140.177.182.46,100,231,1,2024-11-18 07:58:21,R_60PHZYZBninyXXt,,,,,40.7687,-89.6024,anonymous,EN,1,10,2,5,Y,2,1,1,55,55,80,90,2,4,4,1,,3,,29,2,,60,2,2,,,,
2024-11-18 07:49:39,2024-11-18 07:58:34,0,71.143.152.90,100,535,1,2024-11-18 07:58:35,R_1bNsZH20f65O6GH,,,,,33.7542,-84.2601,anonymous,EN,1,"3,4,10",2,5,2024 TESLA MODEL S,1,1,1,80,83,100,100,2,4,3,2,,5,,24,7,,58,2,2,,,,
2024-11-18 07:59:29,2024-11-18 07:59:57,0,108.52.96.106,100,28,1,2024-11-18 07:59:57,R_10N5O5fgm8Gnj1c,,,,,40.0362,-75.5138,anonymous,EN,1,3,,,,,,,,,,,,,,,,,,,,,,,,,,,
2024-11-18 07:59:19,2024-11-18 08:00:11,0,47.146.209.103,100,51,1,2024-11-18 08:00:11,R_6s5RR8NW0mHmeXr,,,,,34.7148,-117.8756,anonymous,EN,1,11,,,,,,,,,,,,,,,,,,,,,,,,,,,
2024-11-18 07:57:22,2024-11-18 08:00:36,0,73.21.214.50,100,193,1,2024-11-18 08:00:37,R_7ZQafiYtlL7UvFJ,,,,,28.9274,-81.9819,anonymous,EN,1,10,2,5,Model 3,2,1,1,99,90,99,100,1,4,5,1,,4,,64,4,,61,2,2,,,,
2024-11-18 07:55:28,2024-11-18 08:01:31,0,45.196.40.33,100,363,1,2024-11-18 08:01:32,R_1hWh16u22KFUnfK,,,,,37.751,-97.822,anonymous,EN,1,"2,4,10",2,5,Cybertruck,1,1,1,77,80,70,87,2,4,5,1,,1,,53,4,,66,2,3,,,,
2024-11-18 08:01:18,2024-11-18 08:01:48,0,98.242.218.246,100,30,1,2024-11-18 08:01:48,R_7lyH0OAMhxhoDbu,,,,,25.6944,-80.4393,anonymous,EN,1,6,,,,,,,,,,,,,,,,,,,,,,,,,,,
2024-11-18 07:55:26,2024-11-18 08:03:22,0,64.79.248.82,100,475,1,2024-11-18 08:03:22,R_5LnfpZUQpsfErS5,,,,,37.751,-97.822,anonymous,EN,1,10,2,5,Model X,2,1,1,99,100,99,93,2,4,6,2,,1,,39,5,,78,2,2,,,,
2024-11-18 07:53:36,2024-11-18 08:03:57,0,154.7.225.124,100,621,1,2024-11-18 08:03:58,R_12VK1sDAR7oZYPn,,,,,39.0469,-77.4903,anonymous,EN,1,10,2,5,Model S,2,1,1,85,98,91,100,2,4,6,2,,3,,34,5,,93,2,2,,,,
2024-11-18 08:00:09,2024-11-18 08:04:19,0,70.37.194.196,100,249,1,2024-11-18 08:04:19,R_7umRGQegdhXZYIh,,,,,42.9087,-98.8455,anonymous,EN,1,4,,,,,,,,,,,,,,,,,,,,,,,,,,,
2024-11-18 08:01:48,2024-11-18 08:04:31,0,207.230.114.55,100,163,1,2024-11-18 08:04:31,R_3fGMfGs0jnmpHoy,,,,,37.751,-97.822,anonymous,EN,1,4,,,,,,,,,,,,,,,,,,,,,,,,,,,
2024-11-18 07:59:33,2024-11-18 08:04:47,0,174.209.195.40,100,314,1,2024-11-18 08:04:48,R_3pmMvfmhXsz59CM,,,,,33.716,-84.5297,anonymous,EN,1,"2,3",,,,,,,,,,,,,,,,,,,,,,,,,,,
2024-11-18 08:03:19,2024-11-18 08:05:14,0,172.98.167.30,100,115,1,2024-11-18 08:05:15,R_7mtM3Hb88Zy9C37,,,,,37.751,-97.822,anonymous,EN,1,2,,,,,,,,,,,,,,,,,,,,,,,,,,,
2024-11-18 08:04:08,2024-11-18 08:05:20,0,104.251.93.239,100,72,1,2024-11-18 08:05:21,R_1NrUWIbV6leBv8d,,,,,37.751,-97.822,anonymous,EN,1,6,,,,,,,,,,,,,,,,,,,,,,,,,,,
2024-11-18 08:02:47,2024-11-18 08:06:02,0,108.36.250.131,100,194,1,2024-11-18 08:06:02,R_7NFcXn7iZT6H2DI,,,,,40.4438,-75.3426,anonymous,EN,1,"1,10,11",2,5,y,2,1,1,100,100,8,10,2,4,6,2,,4,,35,3,,75,2,2,,,,
2024-11-18 08:05:25,2024-11-18 08:06:16,0,136.50.40.83,100,50,1,2024-11-18 08:06:16,R_7PTubI1YbWbeo7Q,,,,,29.4963,-98.4004,anonymous,EN,1,3,,,,,,,,,,,,,,,,,,,,,,,,,,,
2024-11-18 08:06:34,2024-11-18 08:08:33,0,81.161.5.40,100,119,1,2024-11-18 08:08:33,R_6FogYLcLVFQ6pep,,,,,40.7662,-74.0178,anonymous,EN,1,2,,,,,,,,,,,,,,,,,,,,,,,,,,,
2024-11-18 08:08:38,2024-11-18 08:09:50,0,104.218.199.133,100,72,1,2024-11-18 08:09:50,R_3il6PvwERa6Dkl3,,,,,33.4475,-112.0866,anonymous,EN,1,1,,,,,,,,,,,,,,,,,,,,,,,,,,,
2024-11-18 08:06:30,2024-11-18 08:10:35,0,104.218.199.29,100,244,1,2024-11-18 08:10:35,R_1fISpeicjgCjugK,,,,,33.4475,-112.0866,anonymous,EN,1,10,2,5,Model X,2,1,1,88,78,85,98,2,4,6,2,,1,,33,4,,77,2,2,,,,
2024-11-18 08:07:30,2024-11-18 08:10:43,0,162.172.45.66,100,192,1,2024-11-18 08:10:44,R_39udciNECSLMu3M,,,,,37.751,-97.822,anonymous,EN,1,2,,,,,,,,,,,,,,,,,,,,,,,,,,,
2024-11-18 08:07:43,2024-11-18 08:10:45,0,24.46.112.225,100,181,1,2024-11-18 08:10:45,R_1P6WPnDyEYnYNNa,,,,,40.6186,-73.9272,anonymous,EN,1,10,2,5,2021,2,1,1,80,93,86,90,1,4,4,2,,2,,55,3,,56,2,2,,,,
2024-11-18 08:10:24,2024-11-18 08:11:29,0,66.170.219.75,100,64,1,2024-11-18 08:11:29,R_7EBdiRTbs7CJlqN,,,,,31.3466,-94.8304,anonymous,EN,1,1,,,,,,,,,,,,,,,,,,,,,,,,,,,
2024-11-18 08:09:15,2024-11-18 08:11:36,0,96.239.98.43,100,140,1,2024-11-18 08:11:36,R_7tTKK3GkPLAogkp,,,,,40.6643,-73.9763,anonymous,EN,1,10,2,5,Model 3,2,2,2,100,90,60,20,2,4,5,4,Agender,5,,44,4,,60,2,2,,,,
2024-11-18 08:07:01,2024-11-18 08:12:43,0,154.7.225.107,100,342,1,2024-11-18 08:12:44,R_7NEaaGMtNmPgDy9,,,,,39.0469,-77.4903,anonymous,EN,1,10,2,5,S,1,1,1,95,90,95,87,2,4,5,2,,1,,26,3,,87,2,2,,,,
2024-11-18 08:10:07,2024-11-18 08:14:15,0,72.68.192.24,100,248,1,2024-11-18 08:14:15,R_1wEu6DtxLCM11qc,,,,,40.665,-73.9523,anonymous,EN,1,4,,,,,,,,,,,,,,,,,,,,,,,,,,,
2024-11-18 08:05:23,2024-11-18 08:16:07,0,185.124.63.248,100,643,1,2024-11-18 08:16:08,R_6OVn8Fzbp0U8EY7,,,,,38.721,-75.0752,anonymous,EN,1,"2,10",2,5,2021 Tesla Model Y,2,1,1,100,100,82,80,2,4,5,1,,1,,34,5,,40,2,2,,,,
2024-11-18 08:14:14,2024-11-18 08:16:45,0,154.7.225.32,100,150,1,2024-11-18 08:16:45,R_1rjhB5bhZr5R9Zs,,,,,39.0469,-77.4903,anonymous,EN,1,"2,4",,,,,,,,,,,,,,,,,,,,,,,,,,,
2024-11-18 08:03:02,2024-11-18 08:17:01,0,207.230.114.119,100,839,1,2024-11-18 08:17:01,R_7v95leO0ZgDrHOb,,,,,37.751,-97.822,anonymous,EN,1,10,2,5,Tesla Model 3,2,1,1,77,84,68,76,1,4,4,1,,3,,33,4,,72,2,2,,,,
2024-11-18 08:15:13,2024-11-18 08:18:30,0,154.7.225.242,100,196,1,2024-11-18 08:18:30,R_3dE1k3v4aZOeNMa,,,,,39.0469,-77.4903,anonymous,EN,1,2,,,,,,,,,,,,,,,,,,,,,,,,,,,
2024-11-18 07:56:20,2024-11-18 08:18:36,0,104.218.199.12,100,1335,1,2024-11-18 08:18:36,R_5c8v9FC2oGvrrdV,,,,,33.4475,-112.0866,anonymous,EN,1,"1,2,10",2,5,S,2,1,1,90,95,30,60,3,4,2,2,,4,,33,4,,85,2,3,,,,
2024-11-18 08:03:03,2024-11-18 08:19:05,0,104.251.81.163,100,961,1,2024-11-18 08:19:05,R_3Uh0pm3YCIcRUys,,,,,37.751,-97.822,anonymous,EN,1,10,2,5,3,2,1,1,60,70,89,28,2,4,6,2,,1,,44,5,,68,2,3,,,,
2024-11-18 08:18:44,2024-11-18 08:19:20,0,76.216.237.241,100,35,1,2024-11-18 08:19:21,R_6M3trzUaR3nXTOy,,,,,32.8571,-116.9191,anonymous,EN,1,"1,2,4,6",,,,,,,,,,,,,,,,,,,,,,,,,,,
2024-11-18 08:18:09,2024-11-18 08:19:27,0,45.158.195.242,100,77,1,2024-11-18 08:19:27,R_3pmoIYWPTRDTxgV,,,,,35.2916,-80.8201,anonymous,EN,1,1,,,,,,,,,,,,,,,,,,,,,,,,,,,
2024-11-18 08:18:33,2024-11-18 08:20:26,0,76.82.104.9,100,112,1,2024-11-18 08:20:26,R_5VrfZfmAolzfVLP,,,,,34.1027,-118.2231,anonymous,EN,1,,,,,,,,,,,,,,,,,,,,,,,,,,,,
2024-11-18 08:17:04,2024-11-18 08:20:27,0,154.7.225.139,100,203,1,2024-11-18 08:20:27,R_3JRPCtzOAsFd4bo,,,,,39.0469,-77.4903,anonymous,EN,1,10,2,5,Model 3,1,1,1,88,84,76,81,2,2,5,1,,4,,27,5,,78,2,2,,,,
2024-11-18 08:20:19,2024-11-18 08:21:23,0,75.84.88.56,100,63,1,2024-11-18 08:21:23,R_1ZEoXCZhckoxIPp,,,,,34.0308,-118.473,anonymous,EN,1,2,,,,,,,,,,,,,,,,,,,,,,,,,,,
2024-11-18 08:01:16,2024-11-18 08:21:51,0,154.7.225.200,100,1235,1,2024-11-18 08:21:52,R_3LAyxPKuq1JkX0l,,,,,39.0469,-77.4903,anonymous,EN,1,"1,3,10",2,5,3,1,1,1,95,98,40,20,3,4,2,1,,3,,26,4,,95,2,3,,,,
2024-11-18 08:21:52,2024-11-18 08:22:24,0,71.167.231.19,100,31,1,2024-11-18 08:22:24,R_5OOVDRw7bq8pPKR,,,,,40.6877,-73.9267,anonymous,EN,1,"1,4",,,,,,,,,,,,,,,,,,,,,,,,,,,
2024-11-18 08:19:48,2024-11-18 08:22:36,0,74.122.56.229,100,168,1,2024-11-18 08:22:37,R_3kNj8DLCo0bmOm3,,,,,37.751,-97.822,anonymous,EN,1,1,,,,,,,,,,,,,,,,,,,,,,,,,,,
2024-11-18 08:21:13,2024-11-18 08:24:16,0,207.230.114.15,100,183,1,2024-11-18 08:24:17,R_1kukWbDKQNdCxMV,,,,,37.751,-97.822,anonymous,EN,1,2,,,,,,,,,,,,,,,,,,,,,,,,,,,
2024-11-18 08:21:20,2024-11-18 08:24:18,0,154.7.225.178,100,178,1,2024-11-18 08:24:18,R_1LhXDnEClp7G1yY,,,,,39.0469,-77.4903,anonymous,EN,1,1,,,,,,,,,,,,,,,,,,,,,,,,,,,
2024-11-18 08:14:09,2024-11-18 08:24:33,0,154.7.225.220,100,624,1,2024-11-18 08:24:33,R_6wbq8LPRL6f53jo,,,,,39.0469,-77.4903,anonymous,EN,1,10,2,5,Model 3,2,1,1,98,90,87,93,2,4,4,2,,3,,22,3,,78,2,2,,,,
2024-11-18 08:24:14,2024-11-18 08:24:40,0,172.56.106.67,100,26,1,2024-11-18 08:24:41,R_1JwwtqCMLxOlNzX,,,,,47.3957,-122.3036,anonymous,EN,1,11,,,,,,,,,,,,,,,,,,,,,,,,,,,
2024-11-18 08:16:55,2024-11-18 08:24:43,0,154.161.174.60,100,468,1,2024-11-18 08:24:44,R_2ITlFZF82XCdQ6R,,,,,10.0532,-2.4878,anonymous,EN,1,10,2,5,Model 3,2,1,1,90,100,100,95,1,4,5,1,,1,,26,5,,75,2,2,,,,
2024-11-18 08:22:15,2024-11-18 08:24:47,0,156.228.126.134,100,151,1,2024-11-18 08:24:48,R_6QAn3PZshfWvNAd,,,,,40.7123,-74.0068,anonymous,EN,1,,,,,,,,,,,,,,,,,,,,,,,,,,,,
2024-11-18 07:58:35,2024-11-18 08:25:39,0,154.7.225.225,100,1623,1,2024-11-18 08:25:40,R_6pJopZPcUnwRn7c,,,,,39.0469,-77.4903,anonymous,EN,1,"1,6,10",2,5,X,1,1,1,99,99,60,55,3,4,6,1,,1,,31,4,,71,2,2,,,,
2024-11-18 08:24:11,2024-11-18 08:25:43,0,104.218.199.250,100,92,1,2024-11-18 08:25:44,R_5CELgB9kEtncxpt,,,,,33.4475,-112.0866,anonymous,EN,1,6,,,,,,,,,,,,,,,,,,,,,,,,,,,
2024-11-18 08:20:35,2024-11-18 08:25:46,0,97.133.109.225,100,311,1,2024-11-18 08:25:47,R_1qULWPbdOJ8Bqsd,,,,,34.0544,-118.244,anonymous,EN,1,10,2,5,Model Y,2,1,1,100,99,100,100,2,4,6,2,,1,,27,5,,80,2,2,,,,
2024-11-18 08:22:47,2024-11-18 08:26:13,0,130.245.192.7,100,206,1,2024-11-18 08:26:14,R_1JEDzFlyRlkH5Sc,,,,,40.9076,-73.122,anonymous,EN,1,"2,10",2,5,Model S,2,1,1,83,92,85,93,2,4,5,1,,3,,29,4,,70,2,2,,,,
2024-11-18 08:23:05,2024-11-18 08:26:17,0,73.135.163.141,100,191,1,2024-11-18 08:26:17,R_15AkEULcZpfR0hb,,,,,39.2812,-76.7406,anonymous,EN,1,10,2,5,model 3,2,1,1,94,99,100,100,2,4,6,1,,3,,39,5,,21,2,2,,,,
2024-11-18 08:26:00,2024-11-18 08:26:44,0,104.218.199.229,100,43,1,2024-11-18 08:26:44,R_1iaz291J754onkZ,,,,,33.4475,-112.0866,anonymous,EN,1,2,,,,,,,,,,,,,,,,,,,,,,,,,,,
2024-11-18 08:22:02,2024-11-18 08:26:49,0,104.218.199.43,100,287,1,2024-11-18 08:26:50,R_6FIkZdI6jlwudHf,,,,,33.4475,-112.0866,anonymous,EN,1,2,,,,,,,,,,,,,,,,,,,,,,,,,,,
2024-11-18 08:26:24,2024-11-18 08:27:11,0,172.58.167.81,100,47,1,2024-11-18 08:27:11,R_3dFYoPm0eWpHwsR,,,,,41.779,-87.7789,anonymous,EN,1,4,,,,,,,,,,,,,,,,,,,,,,,,,,,
2024-11-18 08:20:21,2024-11-18 08:27:37,0,108.34.174.83,100,436,1,2024-11-18 08:27:38,R_2wNVEwZ2Cw9ytPU,,,,,41.8333,-71.4314,anonymous,EN,1,"2,4",,,,,,,,,,,,,,,,,,,,,,,,,,,
2024-11-18 08:12:50,2024-11-18 08:27:50,0,204.242.0.152,100,899,1,2024-11-18 08:27:50,R_5MFlhOFmpiYUyRI,,,,,39.0469,-77.4903,anonymous,EN,1,10,2,5,Model 3,2,1,1,78,76,70,70,2,4,2,2,,3,,51,6,,60,2,2,,,,
2024-11-18 08:25:46,2024-11-18 08:27:54,0,172.59.116.143,100,128,1,2024-11-18 08:27:54,R_7DT6NGagETed5uT,,,,,37.4928,-77.47,anonymous,EN,1,2,,,,,,,,,,,,,,,,,,,,,,,,,,,
2024-11-18 08:25:15,2024-11-18 08:28:06,0,172.98.189.43,100,171,1,2024-11-18 08:28:06,R_3fCAQUZ8LSuGY4H,,,,,37.751,-97.822,anonymous,EN,1,"2,3",,,,,,,,,,,,,,,,,,,,,,,,,,,
2024-11-18 08:23:49,2024-11-18 08:29:02,0,172.56.168.170,100,313,1,2024-11-18 08:29:03,R_72hyKx7xLbfKUpr,,,,,38.6353,-121.4558,anonymous,EN,1,10,2,5,s,2,1,1,73,92,74,83,2,4,5,1,,3,,49,5,,63,2,2,,,,
2024-11-18 08:26:47,2024-11-18 08:29:19,0,104.182.173.252,100,152,1,2024-11-18 08:29:20,R_5B65VwJtJGl5Cyl,,,,,34.169,-118.3713,anonymous,EN,1,10,2,5,Model Y,2,1,1,90,100,86,86,2,4,4,2,,5,,27,5,,73,2,2,,,,
2024-11-18 08:28:03,2024-11-18 08:29:20,0,72.47.129.227,100,77,1,2024-11-18 08:29:21,R_3rptwbop9N8ylln,,,,,30.388,-96.0877,anonymous,EN,1,11,,,,,,,,,,,,,,,,,,,,,,,,,,,
2024-11-18 08:21:27,2024-11-18 08:29:44,0,172.58.180.52,100,496,1,2024-11-18 08:29:45,R_3nMY1UrkY1qE5Mi,,,,,32.8666,-96.9927,anonymous,EN,1,10,2,5,Model Y,1,1,1,90,100,70,60,2,4,5,1,,3,,29,4,,80,2,2,,,,
2024-11-18 08:26:42,2024-11-18 08:29:49,0,204.57.19.124,100,186,1,2024-11-18 08:29:49,R_6tmjzlkcljBACRj,,,,,39.5195,-104.7097,anonymous,EN,1,"10,11",2,5,model 3,2,1,1,100,100,86,61,1,4,4,2,,3,,55,5,,50,2,2,,,,
2024-11-18 08:30:22,2024-11-18 08:31:14,0,107.180.166.35,100,52,1,2024-11-18 08:31:15,R_7jBN47wCd2ASSvs,,,,,37.751,-97.822,anonymous,EN,1,"1,4",,,,,,,,,,,,,,,,,,,,,,,,,,,
2024-11-18 08:31:43,2024-11-18 08:32:13,0,108.5.230.87,100,29,1,2024-11-18 08:32:13,R_1jvm5GTaY60M6Tm,,,,,40.8548,-74.0284,anonymous,EN,1,2,,,,,,,,,,,,,,,,,,,,,,,,,,,
2024-11-18 08:24:36,2024-11-18 08:32:42,0,154.7.225.24,100,486,1,2024-11-18 08:32:43,R_1qmREhL232NM2Kc,,,,,39.0469,-77.4903,anonymous,EN,1,1,,,,,,,,,,,,,,,,,,,,,,,,,,,
2024-11-18 08:31:33,2024-11-18 08:33:01,0,104.251.93.205,100,87,1,2024-11-18 08:33:01,R_1mOy9Y7UKBR0lRw,,,,,37.751,-97.822,anonymous,EN,1,"1,4",,,,,,,,,,,,,,,,,,,,,,,,,,,
2024-11-18 08:30:40,2024-11-18 08:33:18,0,5.249.176.37,100,157,1,2024-11-18 08:33:18,R_3M6z0IIxl2p6BKb,,,,,28.8039,-96.9953,anonymous,EN,1,10,2,5,Model Y,2,1,1,83,80,80,78,2,2,5,1,,1,,49,5,,81,2,2,,,,
2024-11-18 08:29:51,2024-11-18 08:33:21,0,154.7.225.175,100,210,1,2024-11-18 08:33:21,R_1zJj2WzoSfZkbrS,,,,,39.0469,-77.4903,anonymous,EN,1,10,2,5,Model x,2,1,1,100,100,100,100,1,4,5,1,,1,,28,3,,90,2,2,,,,
2024-11-18 08:27:08,2024-11-18 08:34:07,0,104.218.199.44,100,419,1,2024-11-18 08:34:08,R_1g2AkeKG42m6Cci,,,,,33.4475,-112.0866,anonymous,EN,1,"2,10",2,5,MODEL 3,2,1,1,83,88,64,85,2,4,5,2,,3,,32,5,,71,2,2,,,,
2024-11-18 08:26:52,2024-11-18 08:34:32,0,172.98.189.38,100,460,1,2024-11-18 08:34:33,R_7rHtXt0Qp6cISxT,,,,,37.751,-97.822,anonymous,EN,1,"1,2,3,4,6,10",2,5,2021,2,1,1,67,73,69,70,2,4,4,2,,3,,35,5,,62,3,3,,,,
2024-11-18 08:28:42,2024-11-18 08:35:26,0,154.7.225.209,100,403,1,2024-11-18 08:35:26,R_6MN9zokO8jGOmD0,,,,,39.0469,-77.4903,anonymous,EN,1,10,2,5,MODEL S,1,2,1,72,86,75,90,2,4,4,2,,1,,24,3,,55,2,2,,,,
2024-11-18 08:33:03,2024-11-18 08:36:03,0,70.134.208.101,100,180,1,2024-11-18 08:36:04,R_3qdAPefdVid2tfb,,,,,33.3683,-117.2333,anonymous,EN,1,10,2,5,Model Y Performance,1,1,1,100,100,100,100,2,4,6,1,,4,,40,4,,85,2,2,,,,
2024-11-18 08:28:35,2024-11-18 08:36:57,0,172.98.189.43,100,501,1,2024-11-18 08:36:58,R_6CvrvAnD60s4rKo,,,,,37.751,-97.822,anonymous,EN,1,"1,2,3,4,6,10",2,5,2020,1,1,1,73,85,72,81,1,4,4,1,,3,,46,5,,75,2,3,,,,
2024-11-18 08:24:26,2024-11-18 08:37:16,0,172.59.68.252,100,769,1,2024-11-18 08:37:16,R_6En48RdqRfsdR8l,,,,,30.2755,-81.5815,anonymous,EN,1,"2,10",2,5,Tesla MODEL 3,2,1,1,100,100,100,3,2,4,1,2,,3,,38,5,,100,2,2,,,,
2024-11-18 08:31:32,2024-11-18 08:38:05,0,113.20.52.95,100,392,1,2024-11-18 08:38:06,R_7BfK7uDQCNWnuTt,,,,,37.751,-97.822,anonymous,EN,1,"1,2,4",,,,,,,,,,,,,,,,,,,,,,,,,,,
2024-11-18 08:35:44,2024-11-18 08:38:26,0,129.222.87.107,100,161,1,2024-11-18 08:38:26,R_3s0Ra2tn5GnCbZq,,,,,33.7485,-84.3871,anonymous,EN,1,"3,10",2,5,model y,1,1,1,99,98,97,75,2,4,5,2,,3,,38,4,,53,2,2,,,,
2024-11-18 08:35:20,2024-11-18 08:38:42,0,108.147.93.122,100,202,1,2024-11-18 08:38:42,R_6SdAZEHM31hdAUi,,,,,37.7201,-122.4414,anonymous,EN,1,10,2,5,3,4,1,1,90,82,100,58,3,4,4,1,,4,,42,4,,70,2,3,,,,
2024-11-18 08:38:44,2024-11-18 08:39:39,0,47.151.183.139,100,54,1,2024-11-18 08:39:40,R_3usOelMHSgJRyMO,,,,,33.6598,-117.3485,anonymous,EN,1,3,,,,,,,,,,,,,,,,,,,,,,,,,,,
2024-11-18 08:39:08,2024-11-18 08:39:43,0,67.246.53.64,100,35,1,2024-11-18 08:39:44,R_1IXWU62iwmeT5b9,,,,,44.8227,-68.8001,anonymous,EN,1,3,,,,,,,,,,,,,,,,,,,,,,,,,,,
2024-11-18 08:32:32,2024-11-18 08:39:44,0,213.178.140.35,100,431,1,2024-11-18 08:39:44,R_135kb7J1fL5SUUx,,,,,39.0469,-77.4903,anonymous,EN,1,10,2,5,Model S,2,1,1,82,89,69,79,2,4,4,2,,1,,54,5,,61,2,2,,,,
2024-11-18 08:40:06,2024-11-18 08:40:47,0,50.216.153.100,100,40,1,2024-11-18 08:40:47,R_1L52fYD0KocYOzq,,,,,42.0029,-71.5148,anonymous,EN,1,4,,,,,,,,,,,,,,,,,,,,,,,,,,,
2024-11-18 08:40:35,2024-11-18 08:40:59,0,165.24.108.232,100,24,1,2024-11-18 08:41:00,R_123m36khotOxzIs,,,,,32.7405,-117.0935,anonymous,EN,1,2,,,,,,,,,,,,,,,,,,,,,,,,,,,
2024-11-18 08:39:42,2024-11-18 08:41:44,0,99.118.208.123,100,121,1,2024-11-18 08:41:44,R_66zx4pgfgogbxbX,,,,,34.069,-118.1461,anonymous,EN,1,10,2,5,model s,1,1,1,68,63,75,66,1,4,5,1,,2,,29,4,,70,2,2,,,,
2024-11-18 08:45:05,2024-11-18 08:45:30,0,23.93.92.142,100,24,1,2024-11-18 08:45:30,R_6wQNSuNY99jGK0Z,,,,,37.8922,-122.2729,anonymous,EN,1,11,,,,,,,,,,,,,,,,,,,,,,,,,,,
2024-11-18 08:31:14,2024-11-18 08:46:19,0,104.218.199.121,100,904,1,2024-11-18 08:46:20,R_3HcUcltQNv0FBom,,,,,33.4475,-112.0866,anonymous,EN,1,10,2,5,model 3,2,1,1,75,80,92,70,2,4,3,2,,3,,61,5,,70,2,3,,,,
2024-11-18 08:45:09,2024-11-18 08:49:11,0,173.70.254.174,100,241,1,2024-11-18 08:49:11,R_3cAPwUvXTCEkeZZ,,,,,40.2993,-73.9891,anonymous,EN,1,"1,10",2,5,Model Y,1,1,1,80,80,60,89,2,4,4,2,,1,,66,5,,71,2,2,,,,
2024-11-18 08:49:48,2024-11-18 08:50:44,0,70.231.61.2,100,56,1,2024-11-18 08:50:46,R_6imBmoSlEF4dQpG,,,,,35.1893,-80.8358,anonymous,EN,1,"3,4",,,,,,,,,,,,,,,,,,,,,,,,,,,
2024-11-18 08:49:53,2024-11-18 08:51:02,0,76.229.152.35,100,68,1,2024-11-18 08:51:02,R_51JViQvqz0UY0Kd,,,,,30.0182,-95.4091,anonymous,EN,1,"10,11",1,5,,,,,,,,,,,,,,,,,,,,,,,,,
2024-11-18 08:48:21,2024-11-18 08:52:06,0,71.187.87.250,100,225,1,2024-11-18 08:52:07,R_7yXxF4hCLYHaEOR,,,,,40.5511,-74.4606,anonymous,EN,1,10,2,5,Y,1,1,1,91,81,71,77,1,4,4,2,,2,,59,4,,38,2,3,,,,
2024-11-18 08:50:07,2024-11-18 08:52:07,0,192.46.200.49,100,120,1,2024-11-18 08:52:07,R_1L6g5M3GRhtTF2G,,,,,37.751,-97.822,anonymous,EN,1,2,,,,,,,,,,,,,,,,,,,,,,,,,,,
2024-11-18 08:46:47,2024-11-18 08:52:30,0,76.200.210.77,100,342,1,2024-11-18 08:52:30,R_7N2KqEW7EwR8wli,,,,,30.1294,-95.4238,anonymous,EN,1,10,2,5,Y,1,1,1,81,82,75,73,2,4,2,2,,2,,52,4,,64,2,2,,,,
2024-11-18 08:48:58,2024-11-18 08:53:51,0,74.80.146.28,100,292,1,2024-11-18 08:53:51,R_5NKgpsrMRiIz0TB,,,,,37.751,-97.822,anonymous,EN,1,4,,,,,,,,,,,,,,,,,,,,,,,,,,,
2024-11-18 08:54:59,2024-11-18 08:55:27,0,74.218.78.226,100,28,1,2024-11-18 08:55:28,R_36urn7uIbXfqp2N,,,,,38.2406,-85.8156,anonymous,EN,1,3,,,,,,,,,,,,,,,,,,,,,,,,,,,
2024-11-18 08:51:43,2024-11-18 08:57:13,0,76.229.152.35,100,329,1,2024-11-18 08:57:13,R_7wylm7pY5PuTlTL,,,,,30.0182,-95.4091,anonymous,EN,1,10,2,5,Model S,1,1,1,10,97,61,90,2,4,6,1,,4,,31,5,,89,2,2,,,,
2024-11-18 08:57:34,2024-11-18 09:01:23,0,174.193.128.19,100,228,1,2024-11-18 09:01:24,R_5zHLAsiFHQD37Aq,,,,,33.9576,-118.267,anonymous,EN,1,"2,3",,,,,,,,,,,,,,,,,,,,,,,,,,,
2024-11-18 09:08:47,2024-11-18 09:09:14,0,174.195.36.138,100,27,1,2024-11-18 09:09:15,R_7vaftQPWQp0Fnzz,,,,,33.7474,-84.3747,anonymous,EN,1,4,,,,,,,,,,,,,,,,,,,,,,,,,,,
2024-11-18 09:09:07,2024-11-18 09:11:25,0,45.205.67.85,100,138,1,2024-11-18 09:11:25,R_6IY2WKKivuyhgDv,,,,,40.7123,-74.0068,anonymous,EN,1,2,,,,,,,,,,,,,,,,,,,,,,,,,,,
2024-11-18 09:11:12,2024-11-18 09:11:41,0,75.225.127.203,100,28,1,2024-11-18 09:11:41,R_5cpTWF4OtmTMEkd,,,,,34.0447,-118.2946,anonymous,EN,1,2,,,,,,,,,,,,,,,,,,,,,,,,,,,
2024-11-18 09:12:15,2024-11-18 09:12:40,0,71.85.48.218,100,25,1,2024-11-18 09:12:41,R_3dRIaNa2lBMfPyF,,,,,34.7518,-82.2556,anonymous,EN,1,2,,,,,,,,,,,,,,,,,,,,,,,,,,,
2024-11-18 09:12:15,2024-11-18 09:14:32,0,207.230.114.198,100,136,1,2024-11-18 09:14:32,R_7rPvhBOz1tetN4h,,,,,37.751,-97.822,anonymous,EN,1,10,2,5,model X,2,2,1,63,68,68,61,2,4,6,2,,1,,36,5,,66,2,3,,,,
2024-11-18 09:16:58,2024-11-18 09:17:31,0,108.251.211.91,100,33,1,2024-11-18 09:17:32,R_7OCcMfRhFl2bzzE,,,,,35.4971,-97.733,anonymous,EN,1,6,,,,,,,,,,,,,,,,,,,,,,,,,,,
2024-11-18 09:07:39,2024-11-18 09:18:28,0,172.56.82.57,100,649,1,2024-11-18 09:18:29,R_1OOBqRbRYGvHjV3,,,,,33.5594,-112.0902,anonymous,EN,1,"1,2,10",2,5,model 3,1,1,1,99,100,71,76,2,4,6,1,,1,,22,5,,87,2,2,,,,
2024-11-18 09:18:57,2024-11-18 09:21:51,0,137.79.210.0,100,173,1,2024-11-18 09:21:51,R_5QtpScxHrN1HOG8,,,,,34.1555,-118.1429,anonymous,EN,1,"4,6,10",2,5,Model 3,2,1,1,68,100,71,63,1,4,2,2,,2,,31,5,,65,2,2,,,,
2024-11-18 09:25:31,2024-11-18 09:25:58,0,50.24.236.232,100,27,1,2024-11-18 09:25:59,R_36aIM4mzQTRExxu,,,,,30.6475,-95.5793,anonymous,EN,1,2,,,,,,,,,,,,,,,,,,,,,,,,,,,
2024-11-18 09:26:37,2024-11-18 09:27:15,0,108.29.106.240,100,38,1,2024-11-18 09:27:16,R_5ckexFGUj5YSqhe,,,,,40.7307,-73.7932,anonymous,EN,1,"2,3",,,,,,,,,,,,,,,,,,,,,,,,,,,
2024-11-18 09:21:23,2024-11-18 09:27:57,0,23.243.150.225,100,393,1,2024-11-18 09:27:58,R_5Jz0VGNE707Y67u,,,,,33.8718,-118.3369,anonymous,EN,1,10,2,5,Model 3,2,1,1,100,100,93,92,2,4,4,1,,2,,43,4,,51,2,2,,,,
2024-11-18 09:28:37,2024-11-18 09:31:36,0,172.248.197.68,100,179,1,2024-11-18 09:31:37,R_1fwf4Km5nLu1GMz,,,,,33.5631,-117.2738,anonymous,EN,1,10,2,5,3,2,1,1,100,100,100,100,2,4,2,1,,3,,60,3,,90,2,2,,,,
2024-11-18 09:31:02,2024-11-18 09:31:45,0,73.14.130.98,100,42,1,2024-11-18 09:31:46,R_35FSdVaPDqVsbOu,,,,,39.7388,-104.9868,anonymous,EN,1,2,,,,,,,,,,,,,,,,,,,,,,,,,,,
2024-11-18 09:33:09,2024-11-18 09:33:38,0,71.47.160.209,100,28,1,2024-11-18 09:33:38,R_3SGe8wcqZExa0pW,,,,,28.53,-81.4807,anonymous,EN,1,4,,,,,,,,,,,,,,,,,,,,,,,,,,,
2024-11-18 09:33:03,2024-11-18 09:35:43,0,68.6.64.175,100,160,1,2024-11-18 09:35:44,R_315GXOdESL4OV9L,,,,,34.4265,-119.8631,anonymous,EN,1,10,2,5,Y,2,1,1,93,94,88,82,2,4,5,2,,3,,32,4,,64,2,2,,,,
2024-11-18 09:34:25,2024-11-18 09:37:13,0,73.157.113.216,100,168,1,2024-11-18 09:37:14,R_32ykpVvz4dY4KN0,,,,,47.4936,-122.2415,anonymous,EN,1,10,2,5,Model 3,1,1,1,100,40,90,100,2,4,5,1,,3,,44,4,,80,2,2,,,,
2024-11-18 09:38:40,2024-11-18 09:39:10,0,136.226.79.27,100,30,1,2024-11-18 09:39:11,R_1LXyZlg8CgEkw8K,,,,,37.1835,-121.7714,anonymous,EN,1,1,,,,,,,,,,,,,,,,,,,,,,,,,,,
2024-11-18 09:33:27,2024-11-18 09:39:27,0,207.230.114.139,100,359,1,2024-11-18 09:39:27,R_1SsSUwKs54FybWp,,,,,37.751,-97.822,anonymous,EN,1,10,2,5,Tesla Model Y,1,1,1,85,72,85,78,1,4,4,1,,3,,27,4,,71,3,2,,,,
2024-11-18 09:39:25,2024-11-18 09:41:59,0,67.167.162.147,100,154,1,2024-11-18 09:42:00,R_5hShqj0OAE2i7To,,,,,41.9129,-84.0399,anonymous,EN,1,2,,,,,,,,,,,,,,,,,,,,,,,,,,,
2024-11-18 09:34:26,2024-11-18 09:43:12,0,73.104.47.67,100,525,1,2024-11-18 09:43:12,R_1F51RQGYAHcZrAf,,,,,30.2712,-81.7529,anonymous,EN,1,"10,11",2,5,3,1,1,1,100,100,100,80,1,4,2,1,,3,,50,5,,40,2,2,,,,
2024-11-18 09:32:01,2024-11-18 09:44:07,0,91.124.134.220,100,725,1,2024-11-18 09:44:08,R_3CyD9kKHX2VX1JG,,,,,37.751,-97.822,anonymous,EN,1,"2,10",2,5,model 3,1,1,1,93,91,71,82,2,4,2,1,,1,,23,4,,71,2,3,,,,
2024-11-18 09:44:05,2024-11-18 09:44:39,0,136.235.28.210,100,33,1,2024-11-18 09:44:39,R_7YLZC2DfLLQ6DZj,,,,,38.6283,-121.3307,anonymous,EN,1,11,,,,,,,,,,,,,,,,,,,,,,,,,,,
2024-11-18 09:42:04,2024-11-18 09:47:56,0,154.7.225.14,100,351,1,2024-11-18 09:47:56,R_1gAWjV6zoehV1kO,,,,,39.0469,-77.4903,anonymous,EN,1,2,,,,,,,,,,,,,,,,,,,,,,,,,,,
2024-11-18 09:47:56,2024-11-18 09:48:22,0,72.217.125.219,100,26,1,2024-11-18 09:48:23,R_3E9Yzij6qP7JtF0,,,,,32.0954,-110.8942,anonymous,EN,1,6,,,,,,,,,,,,,,,,,,,,,,,,,,,
2024-11-18 09:34:33,2024-11-18 09:48:48,0,104.251.93.103,100,855,1,2024-11-18 09:48:49,R_7ml7yAI01I7AGfn,,,,,37.751,-97.822,anonymous,EN,1,10,2,5,model X 3,2,1,1,77,68,68,65,3,4,4,1,,3,,57,5,,80,2,2,,,,
2024-11-18 09:51:19,2024-11-18 09:52:40,0,154.7.225.213,100,81,1,2024-11-18 09:52:40,R_5dzEeCKg0K5xM3c,,,,,39.0469,-77.4903,anonymous,EN,1,2,,,,,,,,,,,,,,,,,,,,,,,,,,,
2024-11-18 09:53:18,2024-11-18 09:53:47,0,97.115.100.18,100,29,1,2024-11-18 09:53:48,R_6ubzBlEp3iJ1w5j,,,,,45.5375,-122.5989,anonymous,EN,1,3,,,,,,,,,,,,,,,,,,,,,,,,,,,
2024-11-18 09:53:28,2024-11-18 09:55:57,0,99.45.0.37,100,148,1,2024-11-18 09:55:57,R_1ruKstTQmvU0iBb,,,,,33.1494,-96.828,anonymous,EN,1,"3,6",,,,,,,,,,,,,,,,,,,,,,,,,,,
2024-11-18 09:58:00,2024-11-18 09:58:29,0,174.192.134.186,100,28,1,2024-11-18 09:58:30,R_3FCDVahtXAJqFoJ,,,,,42.0487,-87.8905,anonymous,EN,1,1,,,,,,,,,,,,,,,,,,,,,,,,,,,
2024-11-18 09:52:36,2024-11-18 09:58:48,0,68.227.22.190,100,372,1,2024-11-18 09:58:49,R_1LjvohUhbrFYQ29,,,,,41.3313,-95.9535,anonymous,EN,1,10,2,5,y,1,1,1,100,100,78,96,2,4,6,1,,1,,22,3,,87,2,2,,,,
2024-11-18 09:56:56,2024-11-18 10:00:31,0,108.48.29.81,100,214,1,2024-11-18 10:00:32,R_5DrYasHJ8Lh4g7f,,,,,38.8452,-77.4651,anonymous,EN,1,10,2,5,Model Y,2,1,1,100,85,94,99,2,4,5,1,,2,,35,4,,65,2,2,,,,
2024-11-18 10:00:45,2024-11-18 10:01:16,0,70.164.97.66,100,30,1,2024-11-18 10:01:17,R_3fqUilATiqUxtU4,,,,,32.7994,-117.1686,anonymous,EN,1,3,,,,,,,,,,,,,,,,,,,,,,,,,,,
2024-11-18 10:02:09,2024-11-18 10:02:53,0,154.7.225.149,100,44,1,2024-11-18 10:02:54,R_1diQsRPFpHg76mM,,,,,39.0469,-77.4903,anonymous,EN,1,,,,,,,,,,,,,,,,,,,,,,,,,,,,
2024-11-18 10:02:01,2024-11-18 10:03:00,0,107.180.174.162,100,58,1,2024-11-18 10:03:00,R_1hzh4SjJgl73Zpv,,,,,37.751,-97.822,anonymous,EN,1,6,,,,,,,,,,,,,,,,,,,,,,,,,,,
2024-11-18 10:02:09,2024-11-18 10:03:27,0,66.43.7.177,100,78,1,2024-11-18 10:03:28,R_12mqQvneVFFmUYX,,,,,37.751,-97.822,anonymous,EN,1,2,,,,,,,,,,,,,,,,,,,,,,,,,,,
2024-11-18 10:03:05,2024-11-18 10:04:14,0,154.7.225.149,100,69,1,2024-11-18 10:04:14,R_39qfYmwnWFgLqbn,,,,,39.0469,-77.4903,anonymous,EN,1,1,,,,,,,,,,,,,,,,,,,,,,,,,,,
2024-11-18 10:04:11,2024-11-18 10:05:38,0,104.218.199.163,100,87,1,2024-11-18 10:05:39,R_5saDM3qbEulPKyC,,,,,33.4475,-112.0866,anonymous,EN,1,,,,,,,,,,,,,,,,,,,,,,,,,,,,
2024-11-18 10:04:35,2024-11-18 10:06:47,0,74.80.146.42,100,132,1,2024-11-18 10:06:47,R_6ylNN1a4O8agshi,,,,,37.751,-97.822,anonymous,EN,1,2,,,,,,,,,,,,,,,,,,,,,,,,,,,
2024-11-18 10:06:23,2024-11-18 10:07:07,0,71.173.149.190,100,44,1,2024-11-18 10:07:08,R_6odl4UoFdLOjGNV,,,,,40.275,-76.8039,anonymous,EN,1,4,,,,,,,,,,,,,,,,,,,,,,,,,,,
2024-11-18 10:06:20,2024-11-18 10:07:46,0,207.230.114.253,100,86,1,2024-11-18 10:07:47,R_6GCXsAfXH9ZpMc4,,,,,37.751,-97.822,anonymous,EN,1,1,,,,,,,,,,,,,,,,,,,,,,,,,,,
2024-11-18 10:18:42,2024-11-18 10:21:41,0,207.230.114.245,100,178,1,2024-11-18 10:21:41,R_7yH811y3N2YsVX3,,,,,37.751,-97.822,anonymous,EN,1,1,,,,,,,,,,,,,,,,,,,,,,,,,,,
2024-11-18 10:19:12,2024-11-18 10:21:42,0,154.7.225.241,100,150,1,2024-11-18 10:21:42,R_1exHYrSp59CGhhd,,,,,39.0469,-77.4903,anonymous,EN,1,1,,,,,,,,,,,,,,,,,,,,,,,,,,,
2024-11-18 10:18:13,2024-11-18 10:24:11,0,104.218.199.147,100,357,1,2024-11-18 10:24:11,R_1QuOFTAnBVVtSIB,,,,,33.4475,-112.0866,anonymous,EN,1,"1,10",2,5,Model X,2,1,1,91,91,84,92,1,4,4,1,,1,,32,4,,80,2,2,,,,
2024-11-18 10:23:17,2024-11-18 10:26:17,0,154.7.225.67,100,180,1,2024-11-18 10:26:18,R_3QLjCkrh6gCWULz,,,,,39.0469,-77.4903,anonymous,EN,1,1,,,,,,,,,,,,,,,,,,,,,,,,,,,
2024-11-18 10:26:13,2024-11-18 10:28:34,0,99.164.34.35,100,140,1,2024-11-18 10:28:34,R_7OT06fwCABqpWTo,,,,,32.8964,-96.8635,anonymous,EN,1,"1,10",2,5,Model y,1,2,2,87,97,34,50,2,4,3,1,,5,,36,4,,12,2,3,,,,
2024-11-18 10:28:37,2024-11-18 10:28:53,0,206.206.138.104,100,16,1,2024-11-18 10:28:53,R_3CBr1eUnehvhprX,,,,,35.5939,-105.2239,anonymous,EN,1,"2,3",,,,,,,,,,,,,,,,,,,,,,,,,,,
2024-11-18 10:19:21,2024-11-18 10:30:38,0,154.7.225.231,100,677,1,2024-11-18 10:30:38,R_6DYnHpZcg0FWoYZ,,,,,39.0469,-77.4903,anonymous,EN,1,10,2,5,Model 3,2,1,1,100,100,100,90,2,4,5,1,,1,,40,4,,73,2,2,,,,
2024-11-18 10:28:15,2024-11-18 10:33:10,0,75.174.120.122,100,294,1,2024-11-18 10:33:10,R_1NEx42VVaNqQ9RY,,,,,43.578,-116.2954,anonymous,EN,1,"10,11",2,5,3,2,1,1,100,100,90,0,1,4,5,1,,3,,35,3,,90,2,2,,,,
2024-11-18 10:31:13,2024-11-18 10:33:20,0,108.233.72.28,100,127,1,2024-11-18 10:33:20,R_5YlFpUIjdQTQfmI,,,,,34.0598,-118.3769,anonymous,EN,1,"10,11",2,5,Model 3,2,1,1,100,100,20,20,2,4,5,2,,3,,38,4,,64,2,2,,,,
2024-11-18 10:29:45,2024-11-18 10:33:38,0,69.131.208.165,100,233,1,2024-11-18 10:33:38,R_3WwowuIths2mNk4,,,,,35.887,-84.1675,anonymous,EN,1,"10,11",2,5,3,2,1,1,100,100,75,100,2,1,5,1,,3,,46,7,,51,2,2,,,,
2024-11-18 10:33:50,2024-11-18 10:36:00,0,98.11.235.216,100,130,1,2024-11-18 10:36:01,R_7N6y9keJQ3Bz4BP,,,,,42.5909,-73.7018,anonymous,EN,1,1,,,,,,,,,,,,,,,,,,,,,,,,,,,
2024-11-18 10:35:50,2024-11-18 10:38:36,0,98.149.102.113,100,165,1,2024-11-18 10:38:36,R_61dx6uPJR73pz4h,,,,,33.7783,-118.0268,anonymous,EN,1,10,2,5,Model 3,1,1,1,100,100,100,100,2,4,5,1,,3,,69,4,,87,2,2,,,,
2024-11-18 10:43:42,2024-11-18 10:44:20,0,73.48.255.17,100,37,1,2024-11-18 10:44:21,R_7iPsVgcInED5XME,,,,,38.768,-121.3349,anonymous,EN,1,6,,,,,,,,,,,,,,,,,,,,,,,,,,,
2024-11-18 10:46:45,2024-11-18 11:06:17,0,107.180.168.34,100,1171,1,2024-11-18 11:06:18,R_3chLerjP9SlYCvF,,,,,37.751,-97.822,anonymous,EN,1,"1,10",2,5,model 3,1,1,1,74,74,87,89,2,4,6,2,,1,,31,4,,88,2,3,,,,
2024-11-18 11:40:41,2024-11-18 11:41:14,0,68.175.29.88,100,33,1,2024-11-18 11:41:15,R_7dVcDKkcUuiNExr,,,,,40.5956,-74.0806,anonymous,EN,1,4,,,,,,,,,,,,,,,,,,,,,,,,,,,
2024-11-18 11:41:12,2024-11-18 11:41:34,0,174.21.85.75,100,21,1,2024-11-18 11:41:35,R_7NkzqticiRnr0pb,,,,,47.6137,-122.3104,anonymous,EN,1,2,,,,,,,,,,,,,,,,,,,,,,,,,,,
2024-11-18 11:41:59,2024-11-18 11:42:52,0,69.143.230.98,100,53,1,2024-11-18 11:42:53,R_3WIoamHvqvP8qgV,,,,,38.3523,-75.5386,anonymous,EN,1,11,,,,,,,,,,,,,,,,,,,,,,,,,,,
2024-11-18 11:41:02,2024-11-18 11:43:44,0,96.224.254.91,100,162,1,2024-11-18 11:43:45,R_1kdDYq2G2I5IWjN,,,,,40.6221,-73.981,anonymous,EN,1,10,2,5,S,2,1,1,85,67,70,88,2,4,5,1,,2,,32,7,,86,2,2,,,,
2024-11-18 11:43:07,2024-11-18 11:43:49,0,154.7.225.193,100,41,1,2024-11-18 11:43:49,R_3KycVUb0fYHZcQt,,,,,39.0469,-77.4903,anonymous,EN,1,4,,,,,,,,,,,,,,,,,,,,,,,,,,,
2024-11-18 11:48:22,2024-11-18 11:49:05,0,107.77.219.130,100,43,1,2024-11-18 11:49:05,R_7w5tdrhoP9QLrjz,,,,,29.8478,-95.6599,anonymous,EN,1,"1,2",,,,,,,,,,,,,,,,,,,,,,,,,,,
2024-11-18 11:42:17,2024-11-18 11:50:27,0,24.26.53.226,100,490,1,2024-11-18 11:50:27,R_3HIgBXEzczOc9r3,,,,,37.7538,-87.0779,anonymous,EN,1,10,2,5,Model 3,2,1,1,100,100,80,70,2,4,4,1,,3,,37,4,,70,2,3,,,,
2024-11-18 11:40:06,2024-11-18 11:50:29,0,166.199.148.39,100,622,1,2024-11-18 11:50:30,R_1JXtG7Viic4jVVT,,,,,32.3012,-90.1834,anonymous,EN,1,"6,11",,,,,,,,,,,,,,,,,,,,,,,,,,,
2024-11-18 11:43:04,2024-11-18 11:50:30,0,104.218.199.90,100,446,1,2024-11-18 11:50:31,R_6pAQv7Spvmie4Hi,,,,,33.4475,-112.0866,anonymous,EN,1,10,2,5,Model 3,2,2,1,69,59,91,40,2,4,4,2,,3,,42,5,,70,2,3,,,,
2024-11-18 11:44:57,2024-11-18 11:50:47,0,72.104.125.42,100,350,1,2024-11-18 11:50:48,R_50U7HnC4MRKZkRR,,,,,34.047,-118.275,anonymous,EN,1,2,,,,,,,,,,,,,,,,,,,,,,,,,,,
2024-11-18 11:50:12,2024-11-18 11:52:08,0,172.56.223.38,100,116,1,2024-11-18 11:52:09,R_3Vstzui3Lrk3Ufx,,,,,39.9934,-75.1425,anonymous,EN,1,11,,,,,,,,,,,,,,,,,,,,,,,,,,,
2024-11-18 11:49:35,2024-11-18 11:54:19,0,104.218.199.179,100,284,1,2024-11-18 11:54:19,R_6xPkw4W2WcxF66C,,,,,33.4475,-112.0866,anonymous,EN,1,,,,,,,,,,,,,,,,,,,,,,,,,,,,
2024-11-18 11:54:19,2024-11-18 11:55:00,0,47.144.37.253,100,40,1,2024-11-18 11:55:00,R_6dyUTJ5FMkkF54z,,,,,34.2193,-118.9842,anonymous,EN,1,,,,,,,,,,,,,,,,,,,,,,,,,,,,
2024-11-18 11:56:54,2024-11-18 11:58:35,0,174.162.20.81,100,100,1,2024-11-18 11:58:35,R_3Bn7SanmIOTPD83,,,,,42.6329,-82.8909,anonymous,EN,1,"10,11",2,5,Model Y,2,1,1,100,100,100,100,2,4,5,1,,3,,42,4,,80,2,2,,,,
2024-11-18 11:59:57,2024-11-18 12:01:27,0,107.5.183.155,100,90,1,2024-11-18 12:01:28,R_7E4oY4p5w7nXxnY,,,,,42.3344,-83.1756,anonymous,EN,1,"4,11",,,,,,,,,,,,,,,,,,,,,,,,,,,
2024-11-18 11:58:59,2024-11-18 12:03:13,0,67.173.253.238,100,254,1,2024-11-18 12:03:13,R_5QEg8TgOURH59Js,,,,,39.8661,-104.9197,anonymous,EN,1,10,2,5,model 3,2,1,1,100,100,100,100,2,4,2,2,,3,,56,5,,83,2,2,,,,
2024-11-18 12:02:55,2024-11-18 12:04:44,0,45.87.62.85,100,109,1,2024-11-18 12:04:45,R_1nviYmpyUNYSRjj,,,,,32.8137,-96.8704,anonymous,EN,1,2,,,,,,,,,,,,,,,,,,,,,,,,,,,
2024-11-18 11:59:01,2024-11-18 12:04:59,0,204.242.0.92,100,357,1,2024-11-18 12:05:00,R_5fVvlzRq7Cmeiul,,,,,39.0469,-77.4903,anonymous,EN,1,2,,,,,,,,,,,,,,,,,,,,,,,,,,,
2024-11-18 12:02:59,2024-11-18 12:06:43,0,207.230.114.25,100,223,1,2024-11-18 12:06:44,R_1rIzcQE0ybw74Ak,,,,,37.751,-97.822,anonymous,EN,1,11,,,,,,,,,,,,,,,,,,,,,,,,,,,
2024-11-18 12:08:04,2024-11-18 12:09:16,0,47.151.29.68,100,72,1,2024-11-18 12:09:16,R_1eRruopXMDowOJ6,,,,,33.7518,-117.9932,anonymous,EN,1,"1,4,6",,,,,,,,,,,,,,,,,,,,,,,,,,,
2024-11-18 12:02:54,2024-11-18 12:13:02,0,71.114.99.245,100,608,1,2024-11-18 12:13:03,R_560ItKUl0LEti4p,,,,,38.6438,-77.3451,anonymous,EN,1,10,2,5,x,2,1,1,76,39,80,40,2,2,5,1,,2,,25,5,,70,2,2,,,,
2024-11-18 12:05:05,2024-11-18 12:13:14,0,104.251.81.216,100,488,1,2024-11-18 12:13:14,R_5qeDiTTOf49NWN0,,,,,37.751,-97.822,anonymous,EN,1,"2,10",2,5,Model Y,2,1,1,81,100,93,92,2,4,5,1,,1,,22,4,,86,2,2,,,,
